,0
0,salt
1,pepper
2,butter
3,garlic
4,sugar
5,flour
6,onion
7,olive oil
8,water
9,ground
10,olive
11,powder
12,sliced
13,eggs
14,black pepper
15,milk
16,cheese
17,cream
18,lemon
19,chicken
20,sauce
21,tomatoes
22,brown
23,white
24,egg
25,onions
26,vinegar
27,vegetable
28,brown sugar
29,lemon juice
30,ground black pepper
31,parsley
32,cinnamon
33,garlic cloves
34,extract
35,vegetable oil
36,vanilla
37,baking powder
38,vanilla extract
39,unsalted butter
40,ginger
41,chocolate
42,leaves
43,soda
44,parmesan
45,tomato
46,celery
47,potatoes
48,kosher salt
49,mustard
50,cheddar
51,juice
52,baking soda
53,kosher
54,sour cream
55,cilantro
56,soy sauce
57,cream cheese
58,parmesan cheese
59,cheddar cheese
60,oregano
61,red pepper
62,carrots
63,clove
64,chicken broth
65,mushrooms
66,honey
67,packed
68,orange
69,bread
70,thyme
71,oil
72,basil
73,seasoning
74,extra
75,margarine
76,mayonnaise
77,bell pepper
78,cayenne
79,garlic powder
80,nutmeg
81,plus
82,cloves
83,garlic minced
84,white wine
85,bacon
86,peppers
87,ground cinnamon
88,heavy cream
89,boneless
90,garnish
91,paprika
92,black
93,beans
94,toasted
95,virgin olive oil
96,extra virgin olive oil
97,yellow
98,green onions
99,chicken breasts
100,green
101,sesame
102,wine
103,lime juice
104,corn
105,granulated sugar
106,ground pepper
107,coconut
108,spinach
109,ground beef
110,cayenne pepper
111,cornstarch
112,white sugar
113,wine vinegar
114,syrup
115,red onion
116,chili powder
117,rice
118,worcestershire sauce
119,ground cumin
120,mozzarella
121,orange juice
122,grated parmesan cheese
123,red wine
124,walnuts
125,chocolate chips
126,unsweetened
127,pasta
128,pepper flakes
129,minced garlic
130,temperature
131,almonds
132,sea salt
133,yogurt
134,canola
135,carrot
136,chicken stock
137,boneless skinless chicken
138,jalapeno
139,pecans
140,shrimp
141,red pepper flakes
142,wheat
143,dijon mustard
144,pineapple
145,lettuce
146,coriander
147,canola oil
148,dressing
149,chicken breast
150,rosemary
151,mozzarella cheese
152,raisins
153,powdered sugar
154,instant
155,buttermilk
156,sausage
157,red bell pepper
158,dried oregano
159,mushroom
160,sesame oil
161,roasted
162,scallions
163,cumin
164,semisweet chocolate
165,zucchini
166,whipping cream
167,apple
168,confectioners sugar
169,dry
170,crumbs
171,stock
172,peanut butter
173,freshly ground pepper
174,egg yolks
175,pork
176,red
177,cabbage
178,noodles
179,egg whites
180,chili
181,tomato sauce
182,tortillas
183,beef
184,tomato paste
185,chives
186,yeast
187,shortening
188,peas
189,fillets
190,lemon zest
191,olives
192,broccoli
193,cider vinegar
194,cooking spray
195,seeds
196,shallots
197,apples
198,balsamic vinegar
199,breadcrumbs
200,more
201,turkey
202,dry white wine
203,potato
204,green onion
205,prepared
206,light brown sugar
207,strawberries
208,bay leaves
209,dried thyme
210,ground ginger
211,bread crumbs
212,bay leaf
213,cocoa powder
214,lime
215,red wine vinegar
216,skinless chicken breasts
217,ketchup
218,green bell pepper
219,bay
220,black beans
221,pumpkin
222,ice
223,onion powder
224,nuts
225,oats
226,dill
227,allspice
228,boneless skinless chicken breasts
229,sesame seeds
230,green pepper
231,sweetened
232,bell peppers
233,basil leaves
234,ham
235,ground nutmeg
236,maple syrup
237,broth
238,bananas
239,white pepper
240,cucumber
241,jack cheese
242,yellow onion
243,chilies
244,turmeric
245,cake
246,cranberries
247,liquid
248,cold water
249,boiling water
250,monterey jack
251,peanut
252,avocado
253,wheat flour
254,cornmeal
255,hot sauce
256,blueberries
257,dried basil
258,a
259,shallot
260,mint
261,curry powder
262,sherry
263,bouillon
264,coconut milk
265,melted butter
266,mushroom soup
267,green beans
268,spaghetti
269,banana
270,ice cream
271,topping
272,corn syrup
273,chicken breast halves
274,parsley leaves
275,feta cheese
276,peppercorns
277,boneless chicken
278,halfandhalf
279,apple cider
280,half
281,semisweet chocolate chips
282,pastry
283,dry yeast
284,ricotta
285,salsa
286,white vinegar
287,roast
288,white rice
289,pure vanilla
290,cake mix
291,warm water
292,chips
293,rice vinegar
294,ground cloves
295,fennel
296,sharp cheddar cheese
297,molasses
298,pure vanilla extract
299,orange zest
300,condensed milk
301,cocoa
302,asparagus
303,cherry tomatoes
304,black olives
305,lemons
306,gelatin
307,cream of mushroom soup
308,monterey jack cheese
309,plain yogurt
310,tarragon
311,cooked chicken
312,dry mustard
313,salmon
314,whipped topping
315,crackers
316,almond extract
317,almond
318,ground coriander
319,steak
320,peanuts
321,cool whip
322,kidney
323,ricotta cheese
324,yolk
325,green chilies
326,pudding
327,raspberries
328,bottle
329,lean ground beef
330,garlic salt
331,egg yolk
332,beef broth
333,swiss cheese
334,dark brown sugar
335,low sodium
336,sage
337,hot water
338,flour tortillas
339,flavor
340,peanut oil
341,other
342,rum
343,coarse salt
344,kidney beans
345,plum tomatoes
346,capers
347,chiles
348,sweet potatoes
349,cherries
350,chipotle
351,vegetable broth
352,zest
353,whipped cream
354,sliced mushrooms
355,macaroni
356,white wine vinegar
357,crust
358,cardamom
359,liqueur
360,fish sauce
361,sweetened condensed milk
362,pine nuts
363,cilantro leaves
364,heavy whipping cream
365,meat
366,cake flour
367,mint leaves
368,strawberry
369,sodium
370,greens
371,baby spinach
372,italian seasoning
373,unbleached
374,grain
375,rolled oats
376,jalapeno pepper
377,apple cider vinegar
378,white chocolate
379,thyme leaves
380,cauliflower
381,cream of chicken soup
382,egg white
383,chicken thighs
384,active dry yeast
385,oranges
386,crosswise
387,beer
388,evaporated milk
389,pepper sauce
390,coffee
391,ground turkey
392,raspberry
393,white onion
394,cereal
395,vegetable stock
396,steaks
397,cherry
398,tofu
399,mix
400,stick butter
401,chickpeas
402,fat free
403,marshmallows
404,hot pepper
405,brandy
406,dried cranberries
407,brown rice
408,salad dressing
409,cottage cheese
410,lamb
411,sliced almonds
412,frozen peas
413,filling
414,taco seasoning
415,vegetables
416,flavored
417,rolls
418,romaine lettuce
419,minced onion
420,light corn syrup
421,red peppers
422,peaches
423,grated orange
424,hamburger
425,unsweetened cocoa powder
426,dough
427,arugula
428,white bread
429,sweet onion
430,rice wine
431,horseradish
432,freshly grated parmesan
433,skim milk
434,vodka
435,black peppercorns
436,barbecue sauce
437,limes
438,chili sauce
439,vanilla ice cream
440,dried parsley
441,cookies
442,sunflower
443,grated lemon zest
444,icing
445,chicken bouillon
446,corn tortillas
447,pineapple juice
448,frozen spinach
449,coloring
450,red bell peppers
451,greek yogurt
452,goat cheese
453,grated nutmeg
454,salad
455,apple juice
456,boneless chicken breast
457,red chili
458,blue cheese
459,bread flour
460,artichoke hearts
461,dark chocolate
462,cranberry
463,breast
464,ground pork
465,spinach leaves
466,food coloring
467,cream of tartar
468,applesauce
469,slivered almonds
470,sprouts
471,scallion
472,ground allspice
473,chile
474,cracked black pepper
475,blanched
476,saffron
477,flaked coconut
478,shells
479,bittersweet chocolate
480,ice cubes
481,celery ribs
482,fruit
483,butternut
484,concentrate
485,minced ginger
486,pork chops
487,hot pepper sauce
488,eggplant
489,tenderloin
490,beef stock
491,soup mix
492,minced parsley
493,pie crust
494,medium tomatoes
495,cucumbers
496,dry sherry
497,butternut squash
498,corn kernels
499,egg noodles
500,plain flour
501,lentils
502,masala
503,seasoning mix
504,avocados
505,preserves
506,garam masala
507,ground turmeric
508,tortilla chips
509,cooked rice
510,onion soup
511,sirloin
512,tuna
513,caster
514,mirin
515,marjoram
516,jalapenos
517,mango
518,sake
519,vegetable shortening
520,curry
521,apricot
522,caster sugar
523,prosciutto
524,italian sausage
525,leaf parsley
526,romano
527,dill weed
528,salt and ground black pepper
529,chunky
530,leeks
531,all-purpose flour
532,icing sugar
533,flat leaf parsley
534,soup
535,splenda
536,cracker crumbs
537,frozen corn
538,any
539,vinaigrette
540,broccoli florets
541,spice
542,sprig
543,pie filling
544,stuffing
545,dates
546,baguette
547,milk chocolate
548,serrano
549,cooking oil
550,yukon gold
551,seasoning salt
552,jalapeno peppers
553,boneless pork
554,kalamata
555,mustard seeds
556,chopped
557,spring
558,dry red wine
559,blend
560,pesto
561,chili pepper
562,pears
563,green bell peppers
564,lettuce leaves
565,paste
566,boneless skinless chicken breast halves
567,purple
568,dried rosemary
569,essence
570,puff pastry
571,french bread
572,raw
573,velveeta
574,roma tomatoes
575,onion soup mix
576,caramel
577,condensed cream
578,pecan
579,vanilla bean
580,in water
581,yellow bell pepper
582,american
583,romano cheese
584,light cream
585,chestnuts
586,philadelphia cream cheese
587,lemon peel
588,graham cracker crumbs
589,firm tofu
590,organic
591,anise
592,crabmeat
593,squash
594,instant coffee
595,apricots
596,low sodium chicken
597,pumpkin puree
598,caraway
599,salmon fillets
600,gingerroot
601,orange peel
602,medium shrimp
603,candy
604,natural
605,medium potatoes
606,soft
607,oyster
608,grapes
609,yellow mustard
610,leek
611,russet potatoes
612,maraschino
613,pistachios
614,creamy peanut butter
615,creme fraiche
616,smoked paprika
617,lemon rind
618,ranch dressing
619,ground cardamom
620,coconut oil
621,quinoa
622,boneless chicken breast halves
623,dried red
624,cinnamon sticks
625,cannellini
626,green olives
627,quick
628,ground red pepper
629,red kidney beans
630,bourbon
631,chili peppers
632,espresso
633,sundried tomatoes
634,gold potatoes
635,low sodium chicken broth
636,grape tomatoes
637,garbanzo
638,jelly
639,pecan halves
640,pork loin
641,elbow macaroni
642,yukon gold potatoes
643,hamburger buns
644,medium zucchini
645,watercress
646,pumpkin pie spice
647,yellow onions
648,sugar substitute
649,oatmeal
650,oregano leaves
651,herbs
652,button mushrooms
653,canned tomatoes
654,cashews
655,stewed tomatoes
656,yellow squash
657,ice water
658,sherry wine
659,baby carrots
660,bean sprouts
661,pinto beans
662,reduced fat
663,sriracha
664,fish
665,hazelnuts
666,scallops
667,asian
668,ginger root
669,basmati
670,pasta sauce
671,green peppers
672,garbanzo beans
673,barley
674,eggplants
675,ground white pepper
676,unsweetened chocolate
677,sunflower seeds
678,baking potatoes
679,pork sausage
680,beef bouillon
681,rice wine vinegar
682,peach
683,prepared mustard
684,kale
685,unsweetened coconut
686,blackberries
687,shiitake mushrooms
688,jello
689,egg substitute
690,golden raisins
691,penne pasta
692,hoisin sauce
693,white flour
694,dark rum
695,american cheese
696,walnut
697,couscous
698,water chestnuts
699,unflavored gelatin
700,lime zest
701,yellow cake mix
702,coriander seeds
703,tomato juice
704,radishes
705,low fat
706,berries
707,granny smith apples
708,vanilla pudding
709,beets
710,pork tenderloin
711,salted butter
712,butterscotch
713,celery seed
714,vidalia
715,flaked
716,rib
717,sweet potato
718,oyster sauce
719,champagne
720,starch
721,frosting
722,parsley flakes
723,rice flour
724,basmati rice
725,turkey breast
726,dried dill
727,firmly packed brown sugar
728,pepperoni
729,poppy seeds
730,salted
731,distilled
732,cannellini beans
733,new potatoes
734,stuffing mix
735,taco seasoning mix
736,graham crackers
737,tahini
738,pineapple chunks
739,salad greens
740,mixed vegetables
741,large eggs
742,linguine
743,provolone cheese
744,poblano
745,marinara sauce
746,pure maple syrup
747,whiskey
748,fennel seeds
749,sauerkraut
750,seasoned salt
751,tequila
752,gruyere cheese
753,sourdough
754,skinless chicken thighs
755,low sodium soy sauce
756,green cabbage
757,curry paste
758,extra-virgin olive oil
759,lasagna noodles
760,juice concentrate
761,sausages
762,cooked ham
763,kalamata olives
764,chocolate syrup
765,cookie
766,wheat bread
767,marmalade
768,spring onions
769,purple onion
770,pie shell
771,pork shoulder
772,light soy sauce
773,rounds
774,dry bread crumbs
775,shiitake
776,celery salt
777,chicken wings
778,agave nectar
779,adobo
780,prepared horseradish
781,cumin seed
782,ears
783,bisquick
784,lime wedges
785,cajun seasoning
786,iceberg lettuce
787,raisin
788,roasted red peppers
789,clams
790,peppermint
791,currants
792,tomato puree
793,green peas
794,italian bread
795,mussels
796,red chile
797,corn oil
798,orange rind
799,tomato soup
800,watermelon
801,fine sea salt
802,white beans
803,star anise
804,poultry seasoning
805,maraschino cherries
806,lemon pepper
807,tapioca
808,cold milk
809,baby spinach leaves
810,pancetta
811,yellow cornmeal
812,rhubarb
813,lemongrass
814,marshmallow
815,refried beans
816,toasted sesame oil
817,crab meat
818,chuck
819,flavoring
820,pomegranate
821,corn starch
822,orange marmalade
823,pear
824,penne
825,mascarpone
826,skin
827,red cabbage
828,sprinkles
829,stew meat
830,pickles
831,toasted sesame seeds
832,frozen broccoli
833,sliced green onions
834,mashed potatoes
835,cranberry juice
836,anchovy fillets
837,sage leaves
838,hot chili
839,white chocolate chips
840,parsnips
841,enchilada sauce
842,chile powder
843,fresh ginger
844,liquid smoke
845,arborio rice
846,sweet paprika
847,fennel bulb
848,dried apricots
849,unsweetened applesauce
850,chunky salsa
851,pizza sauce
852,onion flakes
853,distilled white vinegar
854,rosemary leaves
855,smoked ham
856,zesty italian dressing
857,bok choy
858,wild rice
859,boneless skinless chicken thighs
860,snow peas
861,saffron threads
862,cranberry sauce
863,green chiles
864,cheese blend
865,roasted peanuts
866,caraway seeds
867,sherry vinegar
868,jalapeno chilies
869,vermouth
870,soymilk
871,cherry pie filling
872,habanero
873,port
874,chopped cilantro
875,buns
876,agave
877,cooked turkey
878,vanilla yogurt
879,superfine sugar
880,head cauliflower
881,pumpkin seeds
882,duck
883,ancho
884,grape
885,grated lemon peel
886,lowfat yogurt
887,mandarin oranges
888,grapeseed oil
889,vanilla essence
890,wheat germ
891,diced tomatoes
892,brown mustard
893,cooked bacon
894,biscuits
895,panko breadcrumbs
896,mustard powder
897,apricot preserves
898,long grain rice
899,tomatillos
900,green chile
901,salad oil
902,corn flour
903,crisco
904,frozen whipped topping
905,spices
906,lard
907,cooked white rice
908,smooth
909,sundried tomato
910,with skin
911,softened butter
912,asiago
913,simple syrup
914,italian salad dressing
915,club soda
916,gin
917,root
918,coating
919,baking mix
920,roasted garlic
921,granulated garlic
922,amaretto
923,oreo
924,nonfat yogurt
925,vinaigrette dressing
926,pastry flour
927,fine salt
928,gluten
929,sliced black olives
930,condensed cream of mushroom soup
931,thyme sprigs
932,fat
933,cream of celery soup
934,popcorn
935,rotini
936,grapefruit
937,ground chuck
938,ground chicken
939,lobster
940,nonfat milk
941,crumbles
942,florets
943,dinner rolls
944,cremini
945,flank steak
946,catsup
947,flax seed
948,adobo sauce
949,dried onion
950,table salt
951,unsweetened coconut milk
952,okra
953,fish fillets
954,almond milk
955,season
956,chipotle chile
957,red food coloring
958,plums
959,corn flakes
960,grated orange peel
961,halibut
962,fresh parsley
963,salami
964,soy milk
965,gorgonzola
966,blanched almonds
967,blue
968,pistachio
969,croutons
970,fennel seed
971,pickle relish
972,wholewheat
973,herb
974,brisket
975,chile peppers
976,mini marshmallows
977,crumbled blue cheese
978,milk powder
979,glaze
980,pancake
981,brussels sprouts
982,sunflower oil
983,plum
984,leaf lettuce
985,cardamom pods
986,dried cherries
987,savory
988,grand marnier
989,fontina
990,smoked salmon
991,asparagus spears
992,kraft grated parmesan cheese
993,prunes
994,bacon bits
995,cheese spread
996,chuck roast
997,accompaniment
998,fresh lemon
999,dry milk
1000,brownie
1001,relish
1002,ginger ale
1003,light sour cream
1004,orange juice concentrate
1005,red chili powder
1006,berry
1007,chorizo sausage
1008,milk chocolate chips
1009,great northern beans
1010,fresh lemon juice
1011,raspberry jam
1012,dark sesame oil
1013,teriyaki sauce
1014,old bay seasoning
1015,lemonade
1016,franks
1017,bran
1018,rice noodles
1019,turnips
1020,cremini mushrooms
1021,creole seasoning
1022,chili paste
1023,chopped onion
1024,rice cereal
1025,frozen mixed vegetables
1026,white mushrooms
1027,fl
1028,quick oats
1029,triple sec
1030,dashi
1031,polenta
1032,ghee
1033,chorizo
1034,coleslaw
1035,tomatoes with juice
1036,bouillon granules
1037,artichokes
1038,seasoned bread crumbs
1039,corned beef
1040,balsamic vinaigrette
1041,ripe olives
1042,marinade
1043,pesto sauce
1044,chard
1045,baby arugula
1046,asiago cheese
1047,phyllo
1048,veal
1049,napa cabbage
1050,leg of lamb
1051,vegetable oil cooking spray
1052,crystallized ginger
1053,ground lamb
1054,ground cayenne pepper
1055,yellow pepper
1056,color
1057,butterscotch chips
1058,lemon extract
1059,chile pepper
1060,bitters
1061,english cucumber
1062,tarragon leaves
1063,cognac
1064,cantaloupe
1065,swiss chard
1066,boneless pork loin
1067,caraway seed
1068,almond flour
1069,chilli
1070,pizza crust
1071,katakuriko
1072,cauliflower florets
1073,gravy
1074,radish
1075,oysters
1076,chili flakes
1077,guacamole
1078,sweet pickle
1079,radicchio
1080,figs
1081,cashew
1082,kielbasa
1083,crab
1084,dried sage
1085,dried dill weed
1086,light cream cheese
1087,mascarpone cheese
1088,pita bread
1089,instant espresso
1090,mace
1091,beef tenderloin
1092,condensed cream of chicken soup
1093,sirloin steak
1094,fresh basil
1095,red chili pepper
1096,muffin
1097,angel hair
1098,vegetarian
1099,peeled tomatoes
1100,peppermint extract
1101,protein
1102,onion salt
1103,wonton wrappers
1104,mild cheddar cheese
1105,drippings
1106,brie cheese
1107,sourdough bread
1108,marsala wine
1109,steak seasoning
1110,flour for dusting
1111,crescent rolls
1112,chicken drumsticks
1113,orzo pasta
1114,knudsen sour cream
1115,poppy seed
1116,miso
1117,coarse sea salt
1118,chicken legs
1119,mangoes
1120,smoked turkey
1121,crushed red pepper
1122,white onions
1123,dark soy sauce
1124,dark soy
1125,strawberry jam
1126,unbleached flour
1127,red chili peppers
1128,cooked chicken breasts
1129,cracked pepper
1130,baking chocolate
1131,rotini pasta
1132,fontina cheese
1133,cooked shrimp
1134,hominy
1135,pimento
1136,sweetener
1137,curry leaves
1138,pitted kalamata olives
1139,frozen strawberries
1140,bulgur
1141,fudge
1142,blueberry
1143,sea scallops
1144,xanthan
1145,xanthan gum
1146,tamarind
1147,serrano chile
1148,neufchatel cheese
1149,dried fruit
1150,white cake mix
1151,goat
1152,prawns
1153,lemon wedge
1154,pearl onions
1155,daikon
1156,white cheddar cheese
1157,granola
1158,fresh
1159,bacon slices
1160,toasted pine nuts
1161,instant yeast
1162,corn chips
1163,vermicelli
1164,tomato ketchup
1165,hot red pepper flakes
1166,light coconut milk
1167,yoghurt
1168,sweet corn
1169,clarified butter
1170,rotisserie chicken
1171,potato chips
1172,light mayonnaise
1173,anchovy
1174,schnapps
1175,rigatoni
1176,semolina
1177,flax seeds
1178,bouquet
1179,herbes de provence
1180,macadamia nuts
1181,ciabatta
1182,cumin powder
1183,mushroom caps
1184,parmigiano
1185,dried onion flakes
1186,garlic paste
1187,coffee granules
1188,lima beans
1189,beef brisket
1190,spanish onion
1191,smoked sausage
1192,beef stew
1193,oscar mayer bacon
1194,hash brown
1195,seafood
1196,clam juice
1197,tortellini
1198,red curry paste
1199,english muffins
1200,salted peanuts
1201,sausage links
1202,self raising flour
1203,chutney
1204,apricot jam
1205,crescent dinner rolls
1206,basil leaf
1207,jasmine
1208,caramels
1209,coconut flakes
1210,turbinado
1211,ritz crackers
1212,mint sprigs
1213,mexican cheese
1214,tart apples
1215,kraft zesty italian dressing
1216,hot dogs
1217,puree
1218,rotel tomatoes
1219,spicy brown mustard
1220,dill pickle
1221,venison
1222,angel food cake
1223,pepper jack
1224,chiffonade
1225,steak sauce
1226,cinnamon ground
1227,whole
1228,dried red pepper
1229,flax
1230,beef stew meat
1231,picante sauce
1232,chocolate candy
1233,pearl barley
1234,ground flax
1235,dark chocolate chips
1236,silken tofu
1237,fenugreek
1238,double cream
1239,sweet pickle relish
1240,coriander powder
1241,golden brown sugar
1242,vidalia onion
1243,papaya
1244,capsicum
1245,bakers
1246,lean ground turkey
1247,wasabi
1248,cilantro sprigs
1249,frozen corn kernels
1250,peppercorn
1251,boiled eggs
1252,vanilla instant pudding
1253,roast beef
1254,anchovies
1255,crusty bread
1256,pink
1257,trout
1258,port wine
1259,espresso powder
1260,cooked brown rice
1261,tea bags
1262,champagne vinegar
1263,sliced carrots
1264,cointreau
1265,pork roast
1266,turkey sausage
1267,deli ham
1268,powdered milk
1269,chili pepper flakes
1270,turmeric powder
1271,potato starch
1272,frozen raspberries
1273,grenadine
1274,meatballs
1275,pimiento
1276,vanilla wafers
1277,seaweed
1278,splenda granular
1279,chili beans
1280,grated romano cheese
1281,toast
1282,smoked bacon
1283,sweet chili sauce
1284,grated pecorino
1285,carbonated
1286,salt pork
1287,protein powder
1288,tilapia fillets
1289,pimentos
1290,jicama
1291,chopped cilantro fresh
1292,mini chocolate chips
1293,orange liqueur
1294,endive
1295,panko bread crumbs
1296,edamame
1297,pepper cheese
1298,pancake mix
1299,fish stock
1300,pecorino romano cheese
1301,sherry wine vinegar
1302,red snapper
1303,rye flour
1304,vegan
1305,jasmine rice
1306,cashew nuts
1307,kahlua
1308,white corn
1309,golden delicious
1310,scotch
1311,self rising flour
1312,frozen cranberries
1313,instant pudding mix
1314,honey mustard
1315,soy
1316,artificial
1317,dry milk powder
1318,parsley sprigs
1319,fresh lime
1320,poblano chiles
1321,walnut halves
1322,sweetened coconut
1323,tea
1324,chervil
1325,cheese slices
1326,whole milk
1327,honeydew
1328,brewed coffee
1329,acorn squash
1330,gluten free
1331,pork butt
1332,swiss
1333,chestnut
1334,grits
1335,nonfat dry milk
1336,sea bass
1337,jam
1338,fresh lime juice
1339,liver
1340,ramen noodles
1341,taco sauce
1342,raw sugar
1343,jumbo shrimp
1344,porcini mushrooms
1345,dill pickles
1346,sliced onion
1347,dried apricot
1348,fruits
1349,pomegranate juice
1350,ground almonds
1351,pasta shells
1352,pretzels
1353,cream cheese spread
1354,alfredo sauce
1355,gouda cheese
1356,italian parsley leaves
1357,cumin ground
1358,cheese soup
1359,lime leaves
1360,partially
1361,allspice berries
1362,green chile peppers
1363,extra firm tofu
1364,lemon grass
1365,wild
1366,orange bell pepper
1367,vanilla beans
1368,chocolate cake mix
1369,blackberry
1370,squid
1371,pork ribs
1372,ground mustard
1373,yellow corn
1374,spelt
1375,marshmallow creme
1376,hazelnut
1377,panko
1378,currant
1379,toasted pecans
1380,bonito
1381,clean
1382,five spice
1383,kaffir lime
1384,mixed nuts
1385,brioche
1386,herb seasoning
1387,red beans
1388,wide egg noodles
1389,dry roasted peanuts
1390,no
1391,navy beans
1392,caramel sauce
1393,muffins
1394,safflower
1395,black pepper ground
1396,frozen orange juice concentrate
1397,portabella mushrooms
1398,ground sirloin
1399,lemonade concentrate
1400,pomegranate seeds
1401,turbinado sugar
1402,chocolate morsels
1403,white sesame seeds
1404,creamer
1405,chicken bouillon granules
1406,frozen blueberries
1407,collard greens
1408,tart
1409,nonfat dry milk powder
1410,reduced fat mayonnaise
1411,almond paste
1412,beef sirloin
1413,mixed greens
1414,light rum
1415,dark corn syrup
1416,meal
1417,red lentils
1418,toasted walnuts
1419,ingredients
1420,white rum
1421,instant rice
1422,chunky peanut butter
1423,baked beans
1424,salad dressing mix
1425,dried parsley flakes
1426,jack
1427,nutritional yeast
1428,golden syrup
1429,beef roast
1430,split peas
1431,fat free cream cheese
1432,vegetable oil spray
1433,celery leaves
1434,bouquet garni
1435,reduced sodium soy sauce
1436,firmly packed light brown sugar
1437,sorbet
1438,queso fresco
1439,stout
1440,oat bran
1441,phyllo dough
1442,artificial sweetener
1443,lavender
1444,green tea
1445,summer squash
1446,rosemary sprigs
1447,hummus
1448,sweet italian sausage
1449,salsa verde
1450,rye bread
1451,pie dough
1452,andouille sausage
1453,bamboo shoots
1454,pistachio nuts
1455,yellow bell peppers
1456,sausage casings
1457,pectin
1458,ground sage
1459,mixed spice
1460,spelt flour
1461,chia seeds
1462,coconut cream
1463,instant espresso powder
1464,nectarines
1465,pork belly
1466,shell pasta
1467,lemon slices
1468,ground thyme
1469,chili oil
1470,flounder
1471,kaffir lime leaves
1472,fusilli
1473,russet
1474,stewing beef
1475,batter
1476,coarse kosher salt
1477,mayonaise
1478,buckwheat
1479,lobsters
1480,kiwi
1481,casings
1482,boiling potatoes
1483,wholewheat flour
1484,dark red kidney beans
1485,shiitake mushroom
1486,key lime
1487,bread slices
1488,bbq sauce
1489,chipotle peppers
1490,pecorino cheese
1491,canned chicken
1492,boston lettuce
1493,dry vermouth
1494,ground veal
1495,yellow food coloring
1496,boneless chicken thighs
1497,pepperoncini
1498,dried tomatoes
1499,cane sugar
1500,long grain white rice
1501,bisquick baking mix
1502,green chili peppers
1503,tangerine
1504,extra lean ground beef
1505,vegetable juice
1506,cider
1507,muffin mix
1508,orecchiette
1509,veal stock
1510,shanks
1511,tumeric
1512,savoy cabbage
1513,yellow peppers
1514,palm sugar
1515,ginger paste
1516,popped popcorn
1517,bonito flakes
1518,orange extract
1519,lamb chops
1520,dark beer
1521,loaves
1522,vanilla flavor
1523,dried chili
1524,mexican oregano
1525,truffle oil
1526,rubbed sage
1527,sesame seed
1528,shredded cheddar cheese
1529,boneless pork shoulder
1530,sultanas
1531,halibut fillets
1532,pork and beans
1533,safflower oil
1534,brown rice flour
1535,ground round
1536,fronds
1537,hungarian paprika
1538,turkey bacon
1539,grapefruit juice
1540,fresh cilantro
1541,muenster
1542,pimientos
1543,baby bok choy
1544,baby greens
1545,beet
1546,celery seeds
1547,minute rice
1548,cheese sauce
1549,fettuccine pasta
1550,much
1551,chili seasoning
1552,red capsicum
1553,harissa
1554,pork loin chops
1555,chipotle pepper
1556,ground meat
1557,masa harina
1558,corn tortilla chips
1559,imported
1560,mixed mushrooms
1561,gingersnap
1562,cod
1563,celery root
1564,condensed tomato soup
1565,back ribs
1566,green tomatoes
1567,key lime juice
1568,green apple
1569,pickled jalapenos
1570,orzo
1571,green cardamom
1572,shaoxing
1573,bean paste
1574,pumpernickel
1575,pitted black olives
1576,honeydew melon
1577,butter flavor
1578,smoked gouda
1579,spareribs
1580,stevia
1581,lean beef
1582,processed cheese
1583,catfish fillets
1584,sandwich bread
1585,toasted almonds
1586,gravy mix
1587,round steaks
1588,rum extract
1589,peanut butter chips
1590,cornbread mix
1591,serrano pepper
1592,french baguette
1593,sweet rice
1594,sweet pepper
1595,seedless cucumber
1596,orange blossom
1597,top sirloin
1598,rice milk
1599,sweet cherries
1600,bicarbonate
1601,vidalia onions
1602,amaretto liqueur
1603,buttermilk biscuits
1604,escarole
1605,plain breadcrumbs
1606,grape juice
1607,tamari soy sauce
1608,porcini
1609,poblano peppers
1610,roasting chickens
1611,egg beaters
1612,frisee
1613,beaten eggs
1614,soba noodles
1615,chicken meat
1616,cotija
1617,raspberry preserves
1618,dried porcini mushrooms
1619,tarragon vinegar
1620,red leaf lettuce
1621,sun dried tomatoes
1622,flour tortilla
1623,nutella
1624,coarse black pepper
1625,dried currants
1626,italian salad dressing mix
1627,chinese cabbage
1628,cooked black beans
1629,taco shells
1630,canadian bacon
1631,sparkling wine
1632,fresh mint
1633,angostura bitters
1634,bicarbonate of soda
1635,sweet chocolate
1636,wafer
1637,chilis
1638,large garlic cloves
1639,chocolate shavings
1640,butter lettuce
1641,mashed banana
1642,italian cheese
1643,madeira
1644,pea pods
1645,nam pla
1646,base
1647,seasonings
1648,italian plum tomatoes
1649,pitted prunes
1650,bread dough
1651,seedless watermelon
1652,frozen lemonade concentrate
1653,chipotle powder
1654,crispy rice cereal
1655,ziti
1656,pepitas
1657,navel oranges
1658,mung bean
1659,agave syrup
1660,caramel ice cream
1661,shiso leaves
1662,roquefort
1663,beef round
1664,thousand island dressing
1665,wild mushrooms
1666,bibb lettuce
1667,thai basil
1668,italian seasoned breadcrumbs
1669,wafer cookies
1670,deveined shrimp
1671,corn muffin
1672,walnut oil
1673,bacon drippings
1674,yellow mustard seeds
1675,cooking apples
1676,soybeans
1677,sliced ham
1678,asian fish sauce
1679,kaiser rolls
1680,cakes
1681,almond meal
1682,black sesame seeds
1683,eggnog
1684,marshmallow cream
1685,mixed fruit
1686,seltzer
1687,wholegrain mustard
1688,candy sprinkles
1689,desiccated coconut
1690,cooked pasta
1691,tamarind paste
1692,buffalo
1693,pickle juice
1694,bass fillets
1695,cheddar cheese soup
1696,links
1697,cherry juice
1698,plantains
1699,kraft original barbecue sauce
1700,sprite
1701,oat flour
1702,anchovy paste
1703,dark molasses
1704,sour milk
1705,chow mein noodles
1706,chile paste
1707,bass
1708,blood orange
1709,feta cheese crumbles
1710,cilantro stems
1711,bone in
1712,dried herbs
1713,serrano peppers
1714,biscuit mix
1715,tuna steaks
1716,corn meal
1717,loin
1718,english mustard
1719,vanilla sugar
1720,green apples
1721,chanterelle
1722,hand
1723,flower
1724,ground turkey breast
1725,canned chicken broth
1726,cinnamon sugar
1727,hot chili sauce
1728,mango chutney
1729,mesclun
1730,flax seed meal
1731,currant jelly
1732,spaghetti squash
1733,butter beans
1734,unbleached white flour
1735,grey poupon dijon mustard
1736,unsweetened pineapple juice
1737,flavour
1738,grated carrot
1739,chickpea
1740,cheese tortellini
1741,custard
1742,idaho potatoes
1743,japanese eggplants
1744,gnocchi
1745,lemon curd
1746,cream of coconut
1747,pound cake
1748,white button mushrooms
1749,vegetable bouillon
1750,semolina flour
1751,ground flax seeds
1752,lime peel
1753,haddock
1754,blood
1755,nori seaweed
1756,onion slices
1757,umeboshi
1758,crumbled goat cheese
1759,sweet basil
1760,instant white rice
1761,fenugreek seeds
1762,oleo
1763,colby cheese
1764,caviar
1765,french onion soup
1766,muenster cheese
1767,pico de gallo
1768,pulp
1769,mangos
1770,green cardamom pods
1771,shaoxing wine
1772,chocolate chunks
1773,chopped tomatoes
1774,tapioca flour
1775,filet
1776,almond butter
1777,coconut extract
1778,sandwich cookies
1779,crushed red pepper flakes
1780,mustard greens
1781,seasoning blend
1782,real bacon
1783,caramel ice cream topping
1784,tater tots
1785,whipped cream cheese
1786,creme de cacao
1787,haricots verts
1788,cream cheese frosting
1789,chili seasoning mix
1790,chocolate ice cream
1791,mentsuyu
1792,blue cheese dressing
1793,galangal
1794,wheat bran
1795,catalina dressing
1796,hoagie rolls
1797,sponge
1798,indian
1799,lump crab meat
1800,burgundy
1801,pasteurized
1802,tenderloin steaks
1803,toffee bits
1804,yellow split peas
1805,hot peppers
1806,shredded mozzarella cheese
1807,frozen green beans
1808,oyster mushrooms
1809,anise seed
1810,chardonnay
1811,cooking wine
1812,beef bouillon granules
1813,thai fish sauce
1814,snapper fillets
1815,iceberg
1816,red potato
1817,crushed tomatoes
1818,quail
1819,candy canes
1820,romaine lettuce leaves
1821,wheat gluten
1822,large egg yolks
1823,dried minced onion
1824,italian cheese blend
1825,passion fruit
1826,crema
1827,golden delicious apples
1828,flowers
1829,bacon fat
1830,olive oil spray
1831,rose water
1832,fava beans
1833,matcha
1834,homemade chicken stock
1835,coffee creamer
1836,mexican cheese blend
1837,country bread
1838,soya
1839,roquefort cheese
1840,lamb shoulder
1841,seed oil
1842,uncle bens
1843,french fried onions
1844,apple butter
1845,low salt chicken broth
1846,lemon cake mix
1847,sauce mix
1848,sardines
1849,swordfish
1850,spiced rum
1851,parmigiano reggiano cheese
1852,matzo meal
1853,udon
1854,chicken base
1855,apple pie spice
1856,corn husks
1857,coffee liqueur
1858,grated horseradish
1859,ruby port
1860,spanish paprika
1861,canned black beans
1862,rutabaga
1863,white corn syrup
1864,winter squash
1865,mustard seed
1866,cod fillets
1867,sweet butter
1868,lamb shanks
1869,ground walnuts
1870,baby back ribs
1871,plastic
1872,bread machine yeast
1873,black mustard seeds
1874,pickling salt
1875,masa
1876,cointreau liqueur
1877,silver
1878,citrus
1879,havarti
1880,dried lentils
1881,unsweetened baking chocolate
1882,beef consomme
1883,coconut flour
1884,crumbled gorgonzola
1885,sultana
1886,bosc pears
1887,lime slices
1888,chickpea flour
1889,fresh thyme
1890,rump roast
1891,sweet red peppers
1892,rice blend
1893,miniature semisweet chocolate chips
1894,graham cracker pie crust
1895,lobster meat
1896,chicken flavor
1897,corn bread
1898,seafood seasoning
1899,cooking sherry
1900,chicken parts
1901,demerara sugar
1902,sherbet
1903,salmon steaks
1904,apple jelly
1905,crawfish
1906,littleneck clams
1907,ground flax seed
1908,tapioca starch
1909,soda water
1910,maple extract
1911,juniper berries
1912,nonfat greek yogurt
1913,ponzu
1914,twists
1915,canned corn
1916,mackerel
1917,candied ginger
1918,melon
1919,neutral oil
1920,irish whiskey
1921,white miso
1922,dried chives
1923,fleur de sel
1924,pastry dough
1925,sesame paste
1926,poultry
1927,chinese egg noodles
1928,bechamel
1929,pitted green olives
1930,chambord
1931,frozen hash browns
1932,whole wheat
1933,refrigerated biscuits
1934,coffee powder
1935,mild italian sausage
1936,mung bean sprouts
1937,cornflour
1938,toasted coconut
1939,chinese rice wine
1940,fruit cocktail
1941,creole mustard
1942,condensed cream of celery soup
1943,instant chicken bouillon
1944,leg quarters
1945,onion tops
1946,belgian endive
1947,lager
1948,boneless beef chuck roast
1949,dream whip
1950,tilapia
1951,shelled pistachios
1952,shaved parmesan cheese
1953,licorice
1954,kirsch
1955,nonhydrogenated margarine
1956,fingerling potatoes
1957,fingerling
1958,thai red curry paste
1959,chicken cutlets
1960,riesling
1961,less sodium chicken broth
1962,fat free less sodium chicken broth
1963,caramel topping
1964,apricot nectar
1965,lime rind
1966,light butter
1967,ravioli
1968,sandwich buns
1969,bay scallops
1970,sucanat
1971,green chilis
1972,black tea
1973,crisp rice
1974,grape jelly
1975,pure olive oil
1976,red chilli
1977,palm
1978,grilled chicken
1979,white kidney
1980,chocolate frosting
1981,chocolate candy bars
1982,peach schnapps
1983,shortbread
1984,sweet peppers
1985,orange segments
1986,chicken livers
1987,ale
1988,garlic sauce
1989,canned beef broth
1990,vital wheat gluten
1991,earth balance
1992,sourdough starter
1993,peach slices
1994,roasted tomatoes
1995,double crust
1996,lemon pudding
1997,sliced apples
1998,adobo seasoning
1999,calvados
2000,liquid honey
2001,bulb fennel
2002,nori
2003,bittersweet chocolate chips
2004,sliced tomatoes
2005,seedless raspberry jam
2006,limoncello
2007,pork spareribs
2008,leaving
2009,calamari
2010,dal
2011,brewed espresso
2012,ground fennel
2013,brown gravy
2014,doritos
2015,cookie crumbs
2016,turkey broth
2017,grana padano
2018,bacon grease
2019,beef tenderloin steaks
2020,raspberry vinegar
2021,bouillon powder
2022,chopped celery
2023,amaretti
2024,thai chile
2025,white tuna
2026,meringue
2027,rib roast
2028,turkish
2029,sirloin tip
2030,unsalted cashews
2031,hearts of palm
2032,onion rings
2033,pinenuts
2034,lipton onion soup mix
2035,chillies
2036,bourbon whiskey
2037,yams
2038,prepared pizza crust
2039,sushi rice
2040,pot roast
2041,wholemeal
2042,frozen artichoke hearts
2043,red chile peppers
2044,game
2045,heirloom tomatoes
2046,mozzarella balls
2047,red currant jelly
2048,chocolate milk
2049,asafetida
2050,dried shiitake mushrooms
2051,unsalted pistachios
2052,lemon pepper seasoning
2053,candied cherries
2054,pepperoni slices
2055,ricotta salata
2056,pimenton
2057,white peppercorns
2058,phyllo pastry
2059,browning
2060,spice cake mix
2061,ham hock
2062,cooked chickpeas
2063,dried yeast
2064,seedless raisins
2065,soft margarine
2066,kraft sharp cheddar cheese
2067,cheeses
2068,wasabi powder
2069,chicken leg quarters
2070,colby jack cheese
2071,wax
2072,tangerine juice
2073,orange slices
2074,boneless lamb
2075,cooked quinoa
2076,spanish chorizo
2077,carnation
2078,sweet relish
2079,grated coconut
2080,low sodium beef broth
2081,sandwiches
2082,fresh rosemary
2083,food colouring
2084,pepper powder
2085,potato soup
2086,cream of potato soup
2087,gingersnap cookies
2088,dried figs
2089,gala apples
2090,sugar brown sugar
2091,cabernet
2092,pinot grigio
2093,top sirloin steak
2094,seasoned croutons
2095,paneer
2096,mild curry powder
2097,rabbit
2098,gherkins
2099,beef gravy
2100,yellow corn meal
2101,fruit pectin
2102,unsweetened apple juice
2103,frozen meatballs
2104,chicken sausage
2105,pitted cherries
2106,veggies
2107,coconut rum
2108,dried black beans
2109,apple juice concentrate
2110,grill seasoning
2111,citron
2112,cassis
2113,frying oil
2114,roasted cashews
2115,dried beef
2116,strawberry gelatin
2117,white kidney beans
2118,thin spaghetti
2119,vanilla frosting
2120,habanero pepper
2121,sweet vermouth
2122,merlot
2123,vegetable soup
2124,baby corn
2125,strawberry preserves
2126,pineapple slices
2127,medium eggs
2128,kiwi fruits
2129,karo syrup
2130,puff pastry sheets
2131,doubanjiang
2132,pumpernickel bread
2133,crumb crust
2134,msg
2135,broccoli rabe
2136,rye
2137,fruit juice
2138,raw honey
2139,wasabi paste
2140,caesar salad dressing
2141,honey sugar
2142,distilled vinegar
2143,cardamom seeds
2144,italian tomatoes
2145,apple pie filling
2146,slab bacon
2147,liquor
2148,madeira wine
2149,flaxseed
2150,bulb
2151,potato flakes
2152,burgers
2153,pita chips
2154,large egg whites
2155,wheat cereal
2156,frozen banana
2157,sliced shallots
2158,urad dal
2159,havarti cheese
2160,white truffle oil
2161,white truffle
2162,long-grain rice
2163,brown gravy mix
2164,celtic sea salt
2165,country ham
2166,dried coconut
2167,stilton
2168,turkey stock
2169,cod fish
2170,frankfurters
2171,pickled jalapeno peppers
2172,french dressing
2173,chile sauce
2174,apricot halves
2175,ground pork sausage
2176,grape leaves
2177,waffle
2178,clover
2179,vegan margarine
2180,sandwich rolls
2181,brine
2182,tomato salsa
2183,clear honey
2184,rice mix
2185,chocolate sprinkles
2186,soy flour
2187,plain chocolate
2188,refrigerated buttermilk biscuits
2189,duck breasts
2190,sanding sugar
2191,dry pasta
2192,sour cherries
2193,marjoram leaves
2194,thyme sprig
2195,peeled fresh ginger
2196,arrowroot
2197,chipotle chile powder
2198,fat free milk
2199,dried lavender
2200,chicken gravy
2201,goose
2202,gouda
2203,hothouse cucumber
2204,peach preserves
2205,roasted turkey breast
2206,deep dish pie crust
2207,japanese rice
2208,double crust pie
2209,green curry paste
2210,morsels
2211,lobster tails
2212,spice mix
2213,light molasses
2214,liquid aminos
2215,penne rigate
2216,frozen chopped spinach
2217,baby lima beans
2218,garlic pepper seasoning
2219,beansprouts
2220,colors
2221,fig
2222,coarse grain mustard
2223,shoulder roast
2224,smoked pork
2225,strip steaks
2226,chocolate sandwich cookies
2227,pernod
2228,linguini
2229,fresh oregano
2230,burgundy wine
2231,smoked mozzarella
2232,combined
2233,flounder fillets
2234,chicken breast fillets
2235,eye steaks
2236,rib eye steaks
2237,dark raisins
2238,guajillo
2239,cherry peppers
2240,madras curry powder
2241,white sandwich bread
2242,ground sausage
2243,louisiana hot sauce
2244,flowerets
2245,sorghum
2246,shimeji mushrooms
2247,chinese chives
2248,malt vinegar
2249,spring roll wrappers
2250,frozen vegetables
2251,ditalini
2252,streaky bacon
2253,pink grapefruit
2254,buckwheat flour
2255,brownies
2256,liquid egg substitute
2257,kabocha squash
2258,shucked oysters
2259,cabernet sauvignon
2260,coffee beans
2261,genoa salami
2262,kumquats
2263,mahi mahi
2264,semi sweet chocolate
2265,smoked turkey breast
2266,frozen broccoli florets
2267,chipotles in adobo
2268,hass avocado
2269,boursin
2270,soy yogurt
2271,frozen okra
2272,cocoa butter
2273,white rice flour
2274,pasta water
2275,raw almonds
2276,dried chili pepper
2277,active yeast
2278,semisweet baking chocolate
2279,boneless chicken skinless thigh
2280,skirt steak
2281,italian herbs
2282,ground coffee
2283,canned tuna
2284,roux
2285,shortbread cookies
2286,shiitake mushroom caps
2287,toasted wheat germ
2288,banana liqueur
2289,dried red chile peppers
2290,frozen mixed berries
2291,shiso
2292,raisin bread
2293,powdered gelatin
2294,frozen mango
2295,knudsen light sour cream
2296,cracked wheat
2297,concentrated
2298,pasilla
2299,raspberry liqueur
2300,cubed potatoes
2301,arrow root
2302,lemon flavor
2303,chai
2304,house seasoning
2305,blood orange juice
2306,semisweet chocolate chunks
2307,cinnamon powder
2308,romaine lettuce hearts
2309,lettuce hearts
2310,large shrimp
2311,sugar cookie dough
2312,cooked potatoes
2313,melon liqueur
2314,boiled ham
2315,unsweetened almond milk
2316,wheat berries
2317,striped bass
2318,boston butt
2319,shoyu
2320,asparagus tips
2321,tea leaves
2322,seedless red grapes
2323,dried blueberries
2324,top round steak
2325,beef rump
2326,yeast packet
2327,nonstick spray
2328,chocolate bars
2329,frozen shelled edamame
2330,wondra
2331,green leaf lettuce
2332,taco bell taco seasoning mix
2333,fresh coriander
2334,french rolls
2335,meatloaf
2336,whey protein
2337,instant butterscotch pudding mix
2338,chopped fresh mint
2339,brazil
2340,dulce de leche
2341,orange blossom honey
2342,dark meat
2343,nut
2344,philadelphia light cream cheese
2345,ginger powder
2346,polish sausage
2347,soybean
2348,chocolate sauce
2349,pork fat
2350,sauvignon blanc
2351,center cut bacon
2352,chicken strips
2353,quickcooking grits
2354,sharp white cheddar cheese
2355,natural peanut butter
2356,beef shank
2357,manchego cheese
2358,ciabatta rolls
2359,fiber one
2360,sweet and sour sauce
2361,italian turkey sausage
2362,fermented black beans
2363,suet
2364,slaw
2365,popcorn kernels
2366,ground oregano
2367,flavored syrup
2368,serrano chilies
2369,jack daniels
2370,beef liver
2371,pink peppercorns
2372,galliano
2373,cheese ravioli
2374,smoked cheddar cheese
2375,lamb loin
2376,biscuit dough
2377,candy bar
2378,mutton
2379,petite peas
2380,hershey chocolate
2381,bean sauce
2382,prosecco
2383,meyer lemon
2384,green peppercorns
2385,mexicorn
2386,love
2387,pam cooking spray
2388,chocolate wafer cookies
2389,crab boil
2390,cornish game hens
2391,red apples
2392,herb seasoned stuffing mix
2393,herb seasoned stuffing
2394,nonfat vanilla yogurt
2395,wing sauce
2396,sugar syrup
2397,campari
2398,rice paper
2399,rub
2400,frangelico
2401,beefsteak tomatoes
2402,evaporated skim milk
2403,bartlett pears
2404,liquid pectin
2405,sea bass fillets
2406,fresh basil leaves
2407,bocconcini
2408,london broil
2409,light syrup
2410,beef steak
2411,golden mushroom soup
2412,cubed ham
2413,green enchilada sauce
2414,green grape
2415,irish cream liqueur
2416,red enchilada sauce
2417,white distilled vinegar
2418,beetroot
2419,dairy
2420,raw cashews
2421,burdock
2422,kimchi
2423,turkey gravy
2424,white bread flour
2425,roasted chestnuts
2426,reduced sodium chicken broth
2427,cocktail sauce
2428,fresh parmesan cheese
2429,passata
2430,hot chili pepper
2431,papayas
2432,sweetened dried cranberries
2433,cola
2434,treacle
2435,aioli
2436,mission figs
2437,fritos
2438,pitas
2439,manicotti
2440,orange flower water
2441,fresh ginger root
2442,dried shrimp
2443,pappardelle
2444,wieners
2445,chopped garlic
2446,shrimp paste
2447,roasted pistachios
2448,root beer
2449,curds
2450,butter oil
2451,chile de arbol
2452,baking apples
2453,tomatillo
2454,strawberry flavor
2455,flavored vodka
2456,millet
2457,grana
2458,chocolate liqueur
2459,mint extract
2460,catfish
2461,sweet rice wine
2462,dehydrated
2463,confit
2464,giardiniera
2465,pitted ripe olives
2466,cooked beef
2467,solid pack pumpkin
2468,peach nectar
2469,bulgur wheat
2470,apricot brandy
2471,chocolate curls
2472,habanero peppers
2473,malted milk
2474,steel cut oats
2475,carrot sticks
2476,brown lentils
2477,vanilla vodka
2478,wax beans
2479,crepes
2480,half & half
2481,diced onions
2482,sponge cake
2483,refrigerated crescent rolls
2484,finely chopped onion
2485,candied fruit
2486,turkey meat
2487,black cardamom pods
2488,monkfish
2489,sweet pickles
2490,greek seasoning
2491,crisco shortening
2492,green lentil
2493,vanilla flavoring
2494,chilli powder
2495,scallion greens
2496,hot sausage
2497,gyoza
2498,sweet peas
2499,mincemeat
2500,fennel fronds
2501,kale leaves
2502,piquillo peppers
2503,mixed dried fruit
2504,banana peppers
2505,mandarin orange segments
2506,dry rub
2507,chicken fat
2508,montreal steak seasoning
2509,brazil nuts
2510,olive oil flavored cooking spray
2511,solid white tuna
2512,chianti
2513,vanilla lowfat yogurt
2514,kraft classic ranch dressing
2515,candied orange peel
2516,burger buns
2517,ketjap
2518,angel food cake mix
2519,lavender flowers
2520,crimini mushrooms
2521,absinthe
2522,chicory
2523,braggs liquid aminos
2524,sausage meat
2525,cavatappi
2526,sweet cream
2527,fudge brownie mix
2528,sliced cucumber
2529,miso paste
2530,peeled shrimp
2531,snow pea pods
2532,coarse sugar
2533,jumbo pasta shells
2534,dried tarragon leaves
2535,seasoned rice wine vinegar
2536,sole
2537,filet mignon
2538,hazelnut oil
2539,white grape juice
2540,nondairy whipped topping
2541,cooked macaroni
2542,clementines
2543,ground pecans
2544,gray salt
2545,tempeh
2546,sorghum flour
2547,teriyaki marinade
2548,coconut sugar
2549,chopped parsley
2550,white cabbage
2551,easy
2552,tart cherries
2553,blanched almond flour
2554,mousse
2555,pomegranate molasses
2556,pea shoots
2557,marcona almonds
2558,raw cane sugar
2559,horseradish sauce
2560,lemon thyme
2561,soft tofu
2562,spice blend
2563,puffed rice
2564,other herbs
2565,pumpkin pie filling
2566,pear tomatoes
2567,lager beer
2568,cooking liquid
2569,slaw mix
2570,tartar sauce
2571,white hominy
2572,pinot noir
2573,filtered water
2574,unsalted margarine
2575,single crust pie
2576,cornichons
2577,peasant bread
2578,cornish hens
2579,saltines
2580,all natural
2581,bucatini
2582,condensed cream of potato soup
2583,baby potatoes
2584,cold cut
2585,fresh dill
2586,marzipan
2587,steamed rice
2588,unrefined
2589,fenugreek leaves
2590,shortcrust pastry
2591,bing cherries
2592,bottled clam juice
2593,tentacles
2594,avocado oil
2595,smoked ham hocks
2596,tuna drained and flaked
2597,dried tomato
2598,alfalfa sprouts
2599,extra sharp cheddar cheese
2600,flatbread
2601,fiber
2602,spam
2603,smoke
2604,grenadine syrup
2605,stilton cheese
2606,cupcakes
2607,lamb stock
2608,salt added
2609,for color
2610,achiote
2611,albacore
2612,glutinous rice
2613,bagels
2614,tahini paste
2615,fast rising yeast
2616,lean ground pork
2617,sweet soy
2618,monosodium glutamate
2619,monosodium
2620,rice vermicelli
2621,ginger beer
2622,cheese dip
2623,dandelion
2624,canned coconut milk
2625,orange bitters
2626,low sodium chicken stock
2627,roasted red bell pepper
2628,red beets
2629,chicken flavor stuffing mix
2630,glace cherries
2631,granulated onion
2632,sumac
2633,seltzer water
2634,togarashi
2635,ground paprika
2636,blueberry pie filling
2637,red delicious apples
2638,boysenberries
2639,pastrami
2640,meat tenderizer
2641,sweetened coconut flakes
2642,oxtails
2643,tea powder
2644,fajita seasoning mix
2645,habanero chile
2646,chicken breast tenders
2647,jerk seasoning
2648,preserved lemon
2649,southern comfort
2650,milkfat
2651,refrigerated pizza dough
2652,asafetida powder
2653,butter flavor shortening
2654,dried rice
2655,camembert
2656,almond liqueur
2657,seasoned flour
2658,brown mustard seeds
2659,tap water
2660,frozen peas and carrots
2661,garlic and herb seasoning
2662,waxy potatoes
2663,tuna fish
2664,asafoetida
2665,ganache
2666,black mushrooms
2667,truffles
2668,chai tea
2669,minced meat
2670,citric acid
2671,citric
2672,splenda brown sugar blend
2673,minced beef
2674,new york strip steaks
2675,sweet rice flour
2676,cooked pumpkin
2677,unbaked pie shells
2678,ragu
2679,limeade concentrate
2680,frozen limeade concentrate
2681,frozen limeade
2682,cream butter
2683,broccoli stems
2684,pace picante sauce
2685,unsalted chicken stock
2686,chocolate instant pudding
2687,frozen bread dough
2688,turnip greens
2689,straw mushrooms
2690,refried black beans
2691,cornbread stuffing mix
2692,tagliatelle
2693,aubergine
2694,rock salt
2695,potato flour
2696,black mission figs
2697,reposado
2698,hot mustard
2699,banana leaves
2700,trans fat
2701,minced clams
2702,chocolate cookie
2703,other nuts
2704,plum sauce
2705,naan
2706,garlic chives
2707,bottom round
2708,red miso
2709,sweet sherry
2710,cream style corn
2711,mexican beer
2712,olive oil cooking spray
2713,flavors
2714,dumplings
2715,lardons
2716,clover honey
2717,roasted sesame seeds
2718,spanish smoked paprika
2719,sliced chicken
2720,veal cutlets
2721,chicken tenderloins
2722,prime rib
2723,heinz tomato ketchup
2724,barilla
2725,nonfat powdered milk
2726,hemp seeds
2727,frozen peaches
2728,veal shanks
2729,grouper
2730,dried garlic
2731,good seasons italian dressing mix
2732,espresso beans
2733,hickory smoke
2734,alcohol
2735,spaghettini
2736,pink salmon
2737,asadero
2738,lean bacon
2739,harissa paste
2740,vanilla wafer crumbs
2741,crusty rolls
2742,red grapefruit
2743,asian chili sauce
2744,tabasco pepper sauce
2745,white cheese
2746,albacore tuna
2747,sliced leeks
2748,baked ham
2749,bacardi
2750,day old bread
2751,accent seasoning
2752,granulated white sugar
2753,chinese noodles
2754,focaccia
2755,peeled deveined shrimp
2756,sweet soy sauce
2757,ground chicken breast
2758,risotto
2759,vanilla bean paste
2760,mizuna
2761,sticky rice
2762,sliced olives
2763,file powder
2764,cane syrup
2765,multigrain bread
2766,chicken breast strips
2767,nutritional yeast flakes
2768,worchestershire sauce
2769,dried egg
2770,ranch seasoning
2771,white cornmeal
2772,boneless beef sirloin steak
2773,mexican chorizo
2774,mild salsa
2775,green tea powder
2776,egg roll wrappers
2777,vanilla frozen yogurt
2778,dried beans
2779,cubed beef
2780,pork cutlets
2781,ginger juice
2782,sweet white wine
2783,lamb stew meat
2784,sofrito
2785,bird chile
2786,rye whiskey
2787,cream sherry
2788,nigella seeds
2789,cherry preserves
2790,broiler
2791,medium heat
2792,usukuchi soy sauce
2793,mediterranean
2794,queso blanco
2795,asafoetida powder
2796,emerils original essence
2797,tawny port
2798,coffee ice cream
2799,egg product
2800,peperoncino
2801,medium egg noodles
2802,hot cocoa mix
2803,cones
2804,bread mix
2805,sazon goya
2806,oreos
2807,blueberry jam
2808,bulgar wheat
2809,minute white rice
2810,dried chiles
2811,dried navy beans
2812,shredded carrots
2813,unsweetened coconut flakes
2814,roasted almonds
2815,shredded sharp cheddar cheese
2816,fondant
2817,scallop
2818,dried chickpeas
2819,peach jam
2820,kitchen bouquet
2821,pickling spices
2822,ramen
2823,cabbage leaves
2824,dill seed
2825,spring water
2826,string beans
2827,cranberry juice cocktail
2828,calories
2829,dried dates
2830,dried tart cherries
2831,chick peas
2832,bread crumb fresh
2833,five-spice powder
2834,chinese five-spice powder
2835,fresh chives
2836,caramel syrup
2837,pastry shell
2838,white creme de cacao
2839,flax meal
2840,european cucumber
2841,salted cashews
2842,instant chicken bouillon granules
2843,greek feta
2844,chicken stock cubes
2845,white granulated sugar
2846,unsweetened dried coconut
2847,cocoa solids
2848,regular soy sauce
2849,baby beets
2850,tapenade
2851,shrimp stock
2852,lemon verbena
2853,cut up chicken
2854,english toffee bits
2855,curly kale
2856,malted milk powder
2857,swordfish steaks
2858,croissants
2859,sun-dried tomatoes
2860,hard salami
2861,fatback
2862,semi sweet chocolate chips
2863,banana extract
2864,unsulfured molasses
2865,food color
2866,amchur
2867,chaat masala
2868,egg bread
2869,low sodium vegetable broth
2870,red radishes
2871,rump steak
2872,peach halves
2873,duck breast halves
2874,skim milk powder
2875,tarragon sprigs
2876,rack of lamb
2877,table cream
2878,italian pork sausage
2879,tamarind pulp
2880,not available
2881,ruby red grapefruit
2882,compressed yeast
2883,shredded cheese
2884,roe
2885,pan drippings
2886,guar gum
2887,cooked corned beef
2888,tamarind juice
2889,bleached
2890,pizza seasoning
2891,wheat crackers
2892,black rice
2893,garlic puree
2894,vegan chocolate chips
2895,borlotti
2896,fully cooked ham
2897,shredded lettuce
2898,celery flakes
2899,baby artichokes
2900,ranch dip
2901,fuji apple
2902,haddock fillets
2903,bread rolls
2904,aged balsamic vinegar
2905,stew
2906,pearl tapioca
2907,oils
2908,tangerine zest
2909,sliced green olives
2910,zinfandel
2911,dried mushrooms
2912,bread and butter pickles
2913,anjou pears
2914,mineral water
2915,cockles
2916,yellow rice
2917,duck fat
2918,japanese breadcrumbs
2919,ham steak
2920,cereal flakes
2921,rapeseed oil
2922,nuoc mam
2923,dried rice noodles
2924,crumbled cornbread
2925,fresh tomatoes
2926,chicken skin
2927,moong dal
2928,summer savory
2929,minced pork
2930,hen
2931,pie pastry
2932,unbaked pie crusts
2933,light beer
2934,chipotle chile pepper
2935,pineapple rings
2936,nonfat plain greek yogurt
2937,french fries
2938,tostada shells
2939,carbonated water
2940,turkey kielbasa
2941,peach pie filling
2942,pork sausages
2943,alfalfa
2944,spring greens
2945,cake yeast
2946,celery heart
2947,chipotle salsa
2948,whisky
2949,sambuca
2950,pear nectar
2951,spearmint
2952,earl grey tea
2953,capellini
2954,rice syrup
2955,wild salmon
2956,part-skim mozzarella
2957,mature cheddar
2958,light margarine
2959,sweet corn kernels
2960,butterfinger
2961,fish bones
2962,clove ground
2963,frozen cherries
2964,wonton skins
2965,golden beets
2966,broad beans
2967,crab sticks
2968,portobello caps
2969,smoked turkey sausage
2970,small red potato
2971,breadstick
2972,toasted slivered almonds
2973,vegan butter
2974,tart shells
2975,fettucine
2976,armagnac
2977,carcass
2978,graham cracker crusts
2979,muscat
2980,spanish olives
2981,coke
2982,rock shrimp
2983,roasted red bell peppers
2984,tomatillo salsa
2985,boneless beef round steak
2986,honey mustard dressing
2987,dashi powder
2988,marrow
2989,chicken liver
2990,portabello mushroom
2991,dried pineapple
2992,boneless chuck roast
2993,dehydrated onion
2994,chopped fresh thyme
2995,cubed bread
2996,gingersnap crumbs
2997,long grain brown rice
2998,amaranth
2999,jiffy corn muffin mix
3000,sicilian
3001,dried apple
3002,blue crabs
3003,chablis
3004,campanelle
3005,peach puree
3006,dried fettuccine
3007,vanilla bean ice cream
3008,garlic chili sauce
3009,mcintosh apples
3010,lamb neck
3011,kraft sun dried tomato vinaigrette
3012,herb dressing
3013,short rib
3014,red raspberries
3015,tuna packed in water
3016,cayenne pepper sauce
3017,organic chicken
3018,short pasta
3019,pitted olives
3020,hot pork sausage
3021,ras el hanout
3022,smoked trout
3023,mung beans
3024,lavash
3025,aniseed
3026,unsulphured molasses
3027,red salmon
3028,margarita mix
3029,glutinous rice flour
3030,lamb loin chops
3031,string cheese
3032,mild sausage
3033,beef fat
3034,guar
3035,bologna
3036,sweetcorn
3037,dried lavender blossoms
3038,white tequila
3039,ground blanched almonds
3040,grated parmesan romano
3041,unbleached cane sugar
3042,cocktail peanuts
3043,soybean paste
3044,yellow miso
3045,manzanilla
3046,round loaf
3047,nut butter
3048,ajwain
3049,dried celery
3050,black vinegar
3051,chopped walnuts
3052,green tea bags
3053,ciabatta loaf
3054,mexican chocolate
3055,konbu
3056,flour mix
3057,rich
3058,chocolate powder
3059,sundae syrup
3060,rock sugar
3061,peanut sauce
3062,toast points
3063,fat free greek yogurt
3064,fuji apples
3065,power
3066,passion fruit juice
3067,ahi
3068,dried orange peel
3069,runny honey
3070,seafood stock
3071,prawn
3072,boneless sirloin
3073,silver tequila
3074,chicken pieces
3075,bean dip
3076,baked corn tortilla chips
3077,shelled pumpkin seeds
3078,dessert wine
3079,cheddar cheese blend
3080,quail eggs
3081,pineapple preserves
3082,laughing cow
3083,anaheim chile
3084,garlic granules
3085,radicchio leaves
3086,vanilla cake mix
3087,japanese soy sauce
3088,hot italian sausages
3089,sliced pineapple
3090,unsalted almonds
3091,arbol chile
3092,condensed french onion soup
3093,aleppo pepper
3094,ground chipotle chile pepper
3095,veal shoulder
3096,whole wheat flour
3097,lasagna sheets
3098,cherry gelatin
3099,gelatine
3100,applewood smoked bacon
3101,blackberry jam
3102,malt
3103,beef base
3104,red grape
3105,cactus
3106,dipping chocolate
3107,ranch style beans
3108,black forest ham
3109,sliced turkey
3110,guava
3111,sunflower kernels
3112,aged cheddar
3113,tostitos
3114,instant potato flakes
3115,lamb rib chops
3116,blanched hazelnuts
3117,candied pineapple
3118,epazote
3119,butter cooking spray
3120,ground flaxseed
3121,kirby cucumbers
3122,barley malt
3123,cheese cubes
3124,mint chocolate chip ice cream
3125,dried sweetened cranberries
3126,sweet basil leaves
3127,annatto
3128,middle eastern
3129,veal chops
3130,candied peel
3131,tuna packed in olive oil
3132,gyoza skins
3133,plum jam
3134,ground hazelnuts
3135,dried apples
3136,earl grey tea bags
3137,mustard oil
3138,bran flakes
3139,white asparagus
3140,dandelion greens
3141,sugar pumpkin
3142,distilled water
3143,mortadella
3144,sweet cream butter
3145,canola mayonnaise
3146,yellow summer squash
3147,soft cheese
3148,extra light olive oil
3149,ouzo
3150,kefir
3151,rice bran
3152,sliced salami
3153,cipollini
3154,black bean sauce
3155,rice pilaf
3156,strawberry yogurt
3157,spicy sausage
3158,salted pistachios
3159,mochiko
3160,pork baby back ribs
3161,hot fudge topping
3162,dijon
3163,white vermouth
3164,1% low-fat milk
3165,low-fat milk
3166,corn cereal
3167,yellowtail
3168,celery hearts
3169,whitefish
3170,hot chili oil
3171,parma ham
3172,canned salmon
3173,hungarian sweet paprika
3174,lady apples
3175,natural yogurt
3176,muscovado sugar
3177,gluten flour
3178,virgin coconut oil
3179,beef rib roast
3180,organic sugar
3181,root vegetables
3182,raspberry puree
3183,chopped pecans
3184,bean flour
3185,buttercream frosting
3186,nama shoyu
3187,guanciale
3188,raw pumpkin seeds
3189,buffalo mozzarella
3190,cachaca
3191,jarlsberg
3192,carob
3193,fresh mozzarella
3194,yuzu juice
3195,rice krispies cereal
3196,fresh tarragon
3197,brown basmati rice
3198,gooseberries
3199,puy lentils
3200,guajillo chiles
3201,dry fettuccine
3202,citrus juice
3203,scotch bonnet chile
3204,bolillo
3205,peeled plum tomatoes
3206,shoepeg corn
3207,thai chili paste
3208,beef stock cubes
3209,swanson chicken broth
3210,liverwurst
3211,butter salt
3212,reduced fat cream cheese
3213,iron
3214,light tuna
3215,sesame seed oil
3216,peach yogurt
3217,bow-tie pasta
3218,asian pear
3219,frozen potatoes
3220,steamer
3221,fresh sage
3222,chopped fresh sage
3223,firm silken tofu
3224,lacinato kale
3225,flat anchovy
3226,gumbo
3227,unsweetened soymilk
3228,shaved chocolate
3229,curry leaf
3230,pork steaks
3231,meringue powder
3232,bresaola
3233,pig
3234,black sesame seed
3235,pureed pumpkin
3236,cranberry beans
3237,pie crust mix
3238,methi
3239,tonic water
3240,chinese sausage
3241,italian vinaigrette
3242,san marzano tomatoes
3243,barbecue rub
3244,buckwheat groats
3245,french mustard
3246,swede
3247,carnaroli rice
3248,rotelle
3249,calamata olives
3250,sliced beets
3251,chocolate graham crackers
3252,quinoa flour
3253,jaggery
3254,lite coconut milk
3255,cacao powder
3256,pork stew meat
3257,sazon seasoning
3258,arrowroot powder
3259,sugar pea
3260,mozzarella string cheese
3261,accent
3262,lumpia wrappers
3263,beet sugar
3264,meyer lemon juice
3265,vanilla soy milk
3266,char
3267,green garlic
3268,semisweet vegan chocolate chips
3269,paprika powder
3270,risotto rice
3271,tostadas
3272,cherry brandy
3273,vegetarian chicken
3274,chocolate flavored syrup
3275,maggi
3276,kamaboko
3277,minced chicken
3278,bagel
3279,hazelnut liqueur
3280,char siu
3281,frozen sweet corn
3282,shredded cabbage
3283,carob powder
3284,black truffle oil
3285,szechwan peppercorns
3286,anisette
3287,squirt
3288,lychee
3289,lady fingers
3290,eye of round roast
3291,grated cotija
3292,mahi mahi fillets
3293,muesli
3294,soy protein
3295,miniature chocolate chips
3296,himalayan salt
3297,burrata
3298,raspberry sauce
3299,pasilla chiles
3300,garlic bulb
3301,graham flour
3302,instant oats
3303,shrimp shells
3304,dried pinto beans
3305,farro
3306,vine ripened tomatoes
3307,fresh orange juice
3308,fresh orange
3309,pearled barley
3310,curly endive
3311,smoked spanish paprika
3312,hot smoked paprika
3313,aquavit
3314,biscuit baking mix
3315,king prawns
3316,condensed golden mushroom soup
3317,condensed cheddar cheese soup
3318,dried fig
3319,sugar cubes
3320,pimento stuffed olives
3321,sea salt flakes
3322,mochi
3323,vietnamese fish sauce
3324,coconut water
3325,pineapples
3326,white bread slices
3327,duck sauce
3328,nacho chips
3329,turkish bay leaves
3330,seasoned chicken
3331,white rice vinegar
3332,yuzu
3333,somen
3334,cassava
3335,s
3336,long beans
3337,pork shoulder roast
3338,orange roughy
3339,kitchens
3340,mushroom broth
3341,franks hot sauce
3342,coleslaw dressing
3343,gram flour
3344,rice stick noodles
3345,pickling liquid
3346,broccolini
3347,sour mix
3348,fish steaks
3349,chocolate drink
3350,pork shoulder butt
3351,red bean paste
3352,chocolates
3353,chilegarlic sauce
3354,chopped green bell pepper
3355,taleggio
3356,vegan mayonnaise
3357,crisco pure vegetable oil
3358,slider buns
3359,dried corn
3360,turkey legs
3361,sugar in the raw
3362,tasso
3363,whiting
3364,part-skim mozzarella cheese
3365,fresh mushrooms
3366,sangiovese
3367,luncheon meat
3368,persimmon
3369,vanilla pod
3370,israeli couscous
3371,rice bran oil
3372,amber
3373,anise extract
3374,gluten free flour
3375,kohlrabi
3376,won ton wrappers
3377,breakfast sausage links
3378,whipped dessert topping
3379,banana pudding
3380,greek style plain yogurt
3381,cinnamon rolls
3382,vanilla bean seeds
3383,tortilla shells
3384,st
3385,ground wheat
3386,m
3387,hard cider
3388,dried split peas
3389,tamarind concentrate
3390,lasagne
3391,maple sugar
3392,golden caster sugar
3393,veal loin
3394,mango puree
3395,marmite
3396,filberts
3397,black bass
3398,chestnut mushrooms
3399,apple brandy
3400,puffed wheat
3401,dried minced garlic
3402,dried pears
3403,ditalini pasta
3404,stone ground mustard
3405,filo
3406,frozen blackberries
3407,sunflower seed
3408,thai green curry paste
3409,smoke flavoring
3410,long green
3411,heinz chili sauce
3412,fat free yogurt
3413,roasted peppers
3414,cardamom seed
3415,brown cardamom
3416,hot chili powder
3417,laurel
3418,chopped fresh chives
3419,iodized salt
3420,frozen tater tots
3421,almond filling
3422,ground nuts
3423,beef shoulder
3424,claws
3425,mango powder
3426,dried kidney beans
3427,turkey carcass
3428,sauce tomato
3429,garbanzo bean flour
3430,porterhouse steaks
3431,wondra flour
3432,hot chili paste
3433,rose petals
3434,chayotes
3435,spicy pork sausage
3436,porridge oats
3437,brioche bread
3438,condiments
3439,raspberry juice
3440,salt water
3441,lillet
3442,jimmy dean sausage
3443,beet greens
3444,shellfish
3445,shiraz
3446,yogurt cheese
3447,chili paste with garlic
3448,macaroni and cheese dinner
3449,corn grits
3450,strong white bread flour
3451,sugar cookie mix
3452,green tea leaves
3453,salad leaves
3454,pappardelle pasta
3455,process cheese spread
3456,tortilla wraps
3457,regular sugar
3458,canela
3459,chrysanthemum
3460,lemon balm
3461,baking spray
3462,sub rolls
3463,unsweetened vanilla almond milk
3464,pork stock
3465,chocolate cookie crumbs
3466,cutlet
3467,tempura batter
3468,potato gnocchi
3469,fresh thyme leaves
3470,thick-cut bacon
3471,pink beans
3472,garlic bread
3473,nondairy creamer
3474,italian rolls
3475,pear juice
3476,crostini
3477,custard powder
3478,heath candy bars
3479,pita bread rounds
3480,toasted baguette
3481,budweiser
3482,roasted hazelnuts
3483,organic vegetable broth
3484,vegetable stock powder
3485,dessicated coconut
3486,fructose
3487,organic apple
3488,ginger syrup
3489,condensed chicken broth
3490,cooked meatballs
3491,beef sausage
3492,mulberries
3493,fine egg noodles
3494,linguica
3495,poblano chilies
3496,crystal hot sauce
3497,watercress leaves
3498,emerils essence
3499,corn flakes cereal
