0,butter cream make sugar egg food nutrition flour powder a agent it milk ingredient strawberry raspberry jam
0,butter cream make sugar egg food nutrition flour powder a agent it milk ingredient strawberry raspberry
0,cream make sugar egg food nutrition flour powder a agent it milk ingredient strawberry raspberry jam
0,butter cream make sugar egg food nutrition flour powder a agent it milk ingredient strawberry
0,cream make sugar egg food nutrition flour powder a agent it milk ingredient strawberry raspberry
0,make sugar egg food nutrition flour powder a agent it milk ingredient strawberry raspberry jam
0,butter cream make sugar egg food nutrition flour powder a agent it milk ingredient
0,cream make sugar egg food nutrition flour powder a agent it milk ingredient strawberry
0,make sugar egg food nutrition flour powder a agent it milk ingredient strawberry raspberry
0,sugar egg food nutrition flour powder a agent it milk ingredient strawberry raspberry jam
0,butter cream make sugar egg food nutrition flour powder a agent it milk
0,cream make sugar egg food nutrition flour powder a agent it milk ingredient
0,make sugar egg food nutrition flour powder a agent it milk ingredient strawberry
0,sugar egg food nutrition flour powder a agent it milk ingredient strawberry raspberry
0,egg food nutrition flour powder a agent it milk ingredient strawberry raspberry jam
0,butter cream make sugar egg food nutrition flour powder a agent it
0,cream make sugar egg food nutrition flour powder a agent it milk
0,make sugar egg food nutrition flour powder a agent it milk ingredient
0,sugar egg food nutrition flour powder a agent it milk ingredient strawberry
0,egg food nutrition flour powder a agent it milk ingredient strawberry raspberry
0,food nutrition flour powder a agent it milk ingredient strawberry raspberry jam
0,butter cream make sugar egg food nutrition flour powder a agent
0,cream make sugar egg food nutrition flour powder a agent it
0,make sugar egg food nutrition flour powder a agent it milk
0,sugar egg food nutrition flour powder a agent it milk ingredient
0,egg food nutrition flour powder a agent it milk ingredient strawberry
0,food nutrition flour powder a agent it milk ingredient strawberry raspberry
0,nutrition flour powder a agent it milk ingredient strawberry raspberry jam
0,butter cream make sugar egg food nutrition flour powder a
0,cream make sugar egg food nutrition flour powder a agent
0,make sugar egg food nutrition flour powder a agent it
0,sugar egg food nutrition flour powder a agent it milk
0,egg food nutrition flour powder a agent it milk ingredient
0,food nutrition flour powder a agent it milk ingredient strawberry
0,nutrition flour powder a agent it milk ingredient strawberry raspberry
0,flour powder a agent it milk ingredient strawberry raspberry jam
0,butter cream make sugar egg food nutrition flour powder
0,cream make sugar egg food nutrition flour powder a
0,make sugar egg food nutrition flour powder a agent
0,sugar egg food nutrition flour powder a agent it
0,egg food nutrition flour powder a agent it milk
0,food nutrition flour powder a agent it milk ingredient
0,nutrition flour powder a agent it milk ingredient strawberry
0,flour powder a agent it milk ingredient strawberry raspberry
0,powder a agent it milk ingredient strawberry raspberry jam
0,butter cream make sugar egg food nutrition flour
0,cream make sugar egg food nutrition flour powder
0,make sugar egg food nutrition flour powder a
0,sugar egg food nutrition flour powder a agent
0,egg food nutrition flour powder a agent it
0,food nutrition flour powder a agent it milk
0,nutrition flour powder a agent it milk ingredient
0,flour powder a agent it milk ingredient strawberry
0,powder a agent it milk ingredient strawberry raspberry
0,a agent it milk ingredient strawberry raspberry jam
0,butter cream make sugar egg food nutrition
0,cream make sugar egg food nutrition flour
0,make sugar egg food nutrition flour powder
0,sugar egg food nutrition flour powder a
0,egg food nutrition flour powder a agent
0,food nutrition flour powder a agent it
0,nutrition flour powder a agent it milk
0,flour powder a agent it milk ingredient
0,powder a agent it milk ingredient strawberry
0,a agent it milk ingredient strawberry raspberry
0,agent it milk ingredient strawberry raspberry jam
0,butter cream make sugar egg food
0,cream make sugar egg food nutrition
0,make sugar egg food nutrition flour
0,sugar egg food nutrition flour powder
0,egg food nutrition flour powder a
0,food nutrition flour powder a agent
0,nutrition flour powder a agent it
0,flour powder a agent it milk
0,powder a agent it milk ingredient
0,a agent it milk ingredient strawberry
0,agent it milk ingredient strawberry raspberry
0,it milk ingredient strawberry raspberry jam
0,butter cream make sugar egg
0,cream make sugar egg food
0,make sugar egg food nutrition
0,sugar egg food nutrition flour
0,egg food nutrition flour powder
0,food nutrition flour powder a
0,nutrition flour powder a agent
0,flour powder a agent it
0,powder a agent it milk
0,a agent it milk ingredient
0,agent it milk ingredient strawberry
0,it milk ingredient strawberry raspberry
0,milk ingredient strawberry raspberry jam
0,butter cream make sugar
0,cream make sugar egg
0,make sugar egg food
0,sugar egg food nutrition
0,egg food nutrition flour
0,food nutrition flour powder
0,nutrition flour powder a
0,flour powder a agent
0,powder a agent it
0,a agent it milk
0,agent it milk ingredient
0,it milk ingredient strawberry
0,milk ingredient strawberry raspberry
0,ingredient strawberry raspberry jam
0,butter cream make
0,cream make sugar
0,make sugar egg
0,sugar egg food
0,egg food nutrition
0,food nutrition flour
0,nutrition flour powder
0,flour powder a
0,powder a agent
0,a agent it
0,agent it milk
0,it milk ingredient
0,milk ingredient strawberry
0,ingredient strawberry raspberry
0,strawberry raspberry jam
0,butter cream
0,cream make
0,make sugar
0,sugar egg
0,egg food
0,food nutrition
0,nutrition flour
0,flour powder
0,powder a
0,a agent
0,agent it
0,it milk
0,milk ingredient
0,ingredient strawberry
0,strawberry raspberry
0,raspberry jam
0,butter
0,cream
0,make
0,sugar
0,egg
0,food
0,nutrition
0,flour
0,powder
0,a
0,agent
0,it
0,milk
0,ingredient
0,strawberry
0,raspberry
0,jam
1,flour butter cream make parmesan a cheese cayenne pepper olive oil onion ingredient bacon egg like quiche particular brand milk cheddar
1,flour butter cream make parmesan a cheese cayenne pepper olive oil onion ingredient bacon egg like quiche particular brand milk
1,butter cream make parmesan a cheese cayenne pepper olive oil onion ingredient bacon egg like quiche particular brand milk cheddar
1,flour butter cream make parmesan a cheese cayenne pepper olive oil onion ingredient bacon egg like quiche particular brand
1,butter cream make parmesan a cheese cayenne pepper olive oil onion ingredient bacon egg like quiche particular brand milk
1,cream make parmesan a cheese cayenne pepper olive oil onion ingredient bacon egg like quiche particular brand milk cheddar
1,flour butter cream make parmesan a cheese cayenne pepper olive oil onion ingredient bacon egg like quiche particular
1,butter cream make parmesan a cheese cayenne pepper olive oil onion ingredient bacon egg like quiche particular brand
1,cream make parmesan a cheese cayenne pepper olive oil onion ingredient bacon egg like quiche particular brand milk
1,make parmesan a cheese cayenne pepper olive oil onion ingredient bacon egg like quiche particular brand milk cheddar
1,flour butter cream make parmesan a cheese cayenne pepper olive oil onion ingredient bacon egg like quiche
1,butter cream make parmesan a cheese cayenne pepper olive oil onion ingredient bacon egg like quiche particular
1,cream make parmesan a cheese cayenne pepper olive oil onion ingredient bacon egg like quiche particular brand
1,make parmesan a cheese cayenne pepper olive oil onion ingredient bacon egg like quiche particular brand milk
1,parmesan a cheese cayenne pepper olive oil onion ingredient bacon egg like quiche particular brand milk cheddar
1,flour butter cream make parmesan a cheese cayenne pepper olive oil onion ingredient bacon egg like
1,butter cream make parmesan a cheese cayenne pepper olive oil onion ingredient bacon egg like quiche
1,cream make parmesan a cheese cayenne pepper olive oil onion ingredient bacon egg like quiche particular
1,make parmesan a cheese cayenne pepper olive oil onion ingredient bacon egg like quiche particular brand
1,parmesan a cheese cayenne pepper olive oil onion ingredient bacon egg like quiche particular brand milk
1,a cheese cayenne pepper olive oil onion ingredient bacon egg like quiche particular brand milk cheddar
1,flour butter cream make parmesan a cheese cayenne pepper olive oil onion ingredient bacon egg
1,butter cream make parmesan a cheese cayenne pepper olive oil onion ingredient bacon egg like
1,cream make parmesan a cheese cayenne pepper olive oil onion ingredient bacon egg like quiche
1,make parmesan a cheese cayenne pepper olive oil onion ingredient bacon egg like quiche particular
1,parmesan a cheese cayenne pepper olive oil onion ingredient bacon egg like quiche particular brand
1,a cheese cayenne pepper olive oil onion ingredient bacon egg like quiche particular brand milk
1,cheese cayenne pepper olive oil onion ingredient bacon egg like quiche particular brand milk cheddar
1,flour butter cream make parmesan a cheese cayenne pepper olive oil onion ingredient bacon
1,butter cream make parmesan a cheese cayenne pepper olive oil onion ingredient bacon egg
1,cream make parmesan a cheese cayenne pepper olive oil onion ingredient bacon egg like
1,make parmesan a cheese cayenne pepper olive oil onion ingredient bacon egg like quiche
1,parmesan a cheese cayenne pepper olive oil onion ingredient bacon egg like quiche particular
1,a cheese cayenne pepper olive oil onion ingredient bacon egg like quiche particular brand
1,cheese cayenne pepper olive oil onion ingredient bacon egg like quiche particular brand milk
1,cayenne pepper olive oil onion ingredient bacon egg like quiche particular brand milk cheddar
1,flour butter cream make parmesan a cheese cayenne pepper olive oil onion ingredient
1,butter cream make parmesan a cheese cayenne pepper olive oil onion ingredient bacon
1,cream make parmesan a cheese cayenne pepper olive oil onion ingredient bacon egg
1,make parmesan a cheese cayenne pepper olive oil onion ingredient bacon egg like
1,parmesan a cheese cayenne pepper olive oil onion ingredient bacon egg like quiche
1,a cheese cayenne pepper olive oil onion ingredient bacon egg like quiche particular
1,cheese cayenne pepper olive oil onion ingredient bacon egg like quiche particular brand
1,cayenne pepper olive oil onion ingredient bacon egg like quiche particular brand milk
1,pepper olive oil onion ingredient bacon egg like quiche particular brand milk cheddar
1,flour butter cream make parmesan a cheese cayenne pepper olive oil onion
1,butter cream make parmesan a cheese cayenne pepper olive oil onion ingredient
1,cream make parmesan a cheese cayenne pepper olive oil onion ingredient bacon
1,make parmesan a cheese cayenne pepper olive oil onion ingredient bacon egg
1,parmesan a cheese cayenne pepper olive oil onion ingredient bacon egg like
1,a cheese cayenne pepper olive oil onion ingredient bacon egg like quiche
1,cheese cayenne pepper olive oil onion ingredient bacon egg like quiche particular
1,cayenne pepper olive oil onion ingredient bacon egg like quiche particular brand
1,pepper olive oil onion ingredient bacon egg like quiche particular brand milk
1,olive oil onion ingredient bacon egg like quiche particular brand milk cheddar
1,flour butter cream make parmesan a cheese cayenne pepper olive oil
1,butter cream make parmesan a cheese cayenne pepper olive oil onion
1,cream make parmesan a cheese cayenne pepper olive oil onion ingredient
1,make parmesan a cheese cayenne pepper olive oil onion ingredient bacon
1,parmesan a cheese cayenne pepper olive oil onion ingredient bacon egg
1,a cheese cayenne pepper olive oil onion ingredient bacon egg like
1,cheese cayenne pepper olive oil onion ingredient bacon egg like quiche
1,cayenne pepper olive oil onion ingredient bacon egg like quiche particular
1,pepper olive oil onion ingredient bacon egg like quiche particular brand
1,olive oil onion ingredient bacon egg like quiche particular brand milk
1,oil onion ingredient bacon egg like quiche particular brand milk cheddar
1,flour butter cream make parmesan a cheese cayenne pepper olive
1,butter cream make parmesan a cheese cayenne pepper olive oil
1,cream make parmesan a cheese cayenne pepper olive oil onion
1,make parmesan a cheese cayenne pepper olive oil onion ingredient
1,parmesan a cheese cayenne pepper olive oil onion ingredient bacon
1,a cheese cayenne pepper olive oil onion ingredient bacon egg
1,cheese cayenne pepper olive oil onion ingredient bacon egg like
1,cayenne pepper olive oil onion ingredient bacon egg like quiche
1,pepper olive oil onion ingredient bacon egg like quiche particular
1,olive oil onion ingredient bacon egg like quiche particular brand
1,oil onion ingredient bacon egg like quiche particular brand milk
1,onion ingredient bacon egg like quiche particular brand milk cheddar
1,flour butter cream make parmesan a cheese cayenne pepper
1,butter cream make parmesan a cheese cayenne pepper olive
1,cream make parmesan a cheese cayenne pepper olive oil
1,make parmesan a cheese cayenne pepper olive oil onion
1,parmesan a cheese cayenne pepper olive oil onion ingredient
1,a cheese cayenne pepper olive oil onion ingredient bacon
1,cheese cayenne pepper olive oil onion ingredient bacon egg
1,cayenne pepper olive oil onion ingredient bacon egg like
1,pepper olive oil onion ingredient bacon egg like quiche
1,olive oil onion ingredient bacon egg like quiche particular
1,oil onion ingredient bacon egg like quiche particular brand
1,onion ingredient bacon egg like quiche particular brand milk
1,ingredient bacon egg like quiche particular brand milk cheddar
1,flour butter cream make parmesan a cheese cayenne
1,butter cream make parmesan a cheese cayenne pepper
1,cream make parmesan a cheese cayenne pepper olive
1,make parmesan a cheese cayenne pepper olive oil
1,parmesan a cheese cayenne pepper olive oil onion
1,a cheese cayenne pepper olive oil onion ingredient
1,cheese cayenne pepper olive oil onion ingredient bacon
1,cayenne pepper olive oil onion ingredient bacon egg
1,pepper olive oil onion ingredient bacon egg like
1,olive oil onion ingredient bacon egg like quiche
1,oil onion ingredient bacon egg like quiche particular
1,onion ingredient bacon egg like quiche particular brand
1,ingredient bacon egg like quiche particular brand milk
1,bacon egg like quiche particular brand milk cheddar
1,flour butter cream make parmesan a cheese
1,butter cream make parmesan a cheese cayenne
1,cream make parmesan a cheese cayenne pepper
1,make parmesan a cheese cayenne pepper olive
1,parmesan a cheese cayenne pepper olive oil
1,a cheese cayenne pepper olive oil onion
1,cheese cayenne pepper olive oil onion ingredient
1,cayenne pepper olive oil onion ingredient bacon
1,pepper olive oil onion ingredient bacon egg
1,olive oil onion ingredient bacon egg like
1,oil onion ingredient bacon egg like quiche
1,onion ingredient bacon egg like quiche particular
1,ingredient bacon egg like quiche particular brand
1,bacon egg like quiche particular brand milk
1,egg like quiche particular brand milk cheddar
1,flour butter cream make parmesan a
1,butter cream make parmesan a cheese
1,cream make parmesan a cheese cayenne
1,make parmesan a cheese cayenne pepper
1,parmesan a cheese cayenne pepper olive
1,a cheese cayenne pepper olive oil
1,cheese cayenne pepper olive oil onion
1,cayenne pepper olive oil onion ingredient
1,pepper olive oil onion ingredient bacon
1,olive oil onion ingredient bacon egg
1,oil onion ingredient bacon egg like
1,onion ingredient bacon egg like quiche
1,ingredient bacon egg like quiche particular
1,bacon egg like quiche particular brand
1,egg like quiche particular brand milk
1,like quiche particular brand milk cheddar
1,flour butter cream make parmesan
1,butter cream make parmesan a
1,cream make parmesan a cheese
1,make parmesan a cheese cayenne
1,parmesan a cheese cayenne pepper
1,a cheese cayenne pepper olive
1,cheese cayenne pepper olive oil
1,cayenne pepper olive oil onion
1,pepper olive oil onion ingredient
1,olive oil onion ingredient bacon
1,oil onion ingredient bacon egg
1,onion ingredient bacon egg like
1,ingredient bacon egg like quiche
1,bacon egg like quiche particular
1,egg like quiche particular brand
1,like quiche particular brand milk
1,quiche particular brand milk cheddar
1,flour butter cream make
1,butter cream make parmesan
1,cream make parmesan a
1,make parmesan a cheese
1,parmesan a cheese cayenne
1,a cheese cayenne pepper
1,cheese cayenne pepper olive
1,cayenne pepper olive oil
1,pepper olive oil onion
1,olive oil onion ingredient
1,oil onion ingredient bacon
1,onion ingredient bacon egg
1,ingredient bacon egg like
1,bacon egg like quiche
1,egg like quiche particular
1,like quiche particular brand
1,quiche particular brand milk
1,particular brand milk cheddar
1,flour butter cream
1,butter cream make
1,cream make parmesan
1,make parmesan a
1,parmesan a cheese
1,a cheese cayenne
1,cheese cayenne pepper
1,cayenne pepper olive
1,pepper olive oil
1,olive oil onion
1,oil onion ingredient
1,onion ingredient bacon
1,ingredient bacon egg
1,bacon egg like
1,egg like quiche
1,like quiche particular
1,quiche particular brand
1,particular brand milk
1,brand milk cheddar
1,flour butter
1,butter cream
1,cream make
1,make parmesan
1,parmesan a
1,a cheese
1,cheese cayenne
1,cayenne pepper
1,pepper olive
1,olive oil
1,oil onion
1,onion ingredient
1,ingredient bacon
1,bacon egg
1,egg like
1,like quiche
1,quiche particular
1,particular brand
1,brand milk
1,milk cheddar
1,flour
1,butter
1,cream
1,make
1,parmesan
1,a
1,cheese
1,cayenne
1,pepper
1,olive
1,oil
1,onion
1,ingredient
1,bacon
1,egg
1,like
1,quiche
1,particular
1,brand
1,milk
1,cheddar
2,pork mince onion ingredient nutmeg spice sweet english mustard powder worcestershire sauce flour oil egg food nutrition
2,pork mince onion ingredient nutmeg spice sweet english mustard powder worcestershire sauce flour oil egg food
2,mince onion ingredient nutmeg spice sweet english mustard powder worcestershire sauce flour oil egg food nutrition
2,pork mince onion ingredient nutmeg spice sweet english mustard powder worcestershire sauce flour oil egg
2,mince onion ingredient nutmeg spice sweet english mustard powder worcestershire sauce flour oil egg food
2,onion ingredient nutmeg spice sweet english mustard powder worcestershire sauce flour oil egg food nutrition
2,pork mince onion ingredient nutmeg spice sweet english mustard powder worcestershire sauce flour oil
2,mince onion ingredient nutmeg spice sweet english mustard powder worcestershire sauce flour oil egg
2,onion ingredient nutmeg spice sweet english mustard powder worcestershire sauce flour oil egg food
2,ingredient nutmeg spice sweet english mustard powder worcestershire sauce flour oil egg food nutrition
2,pork mince onion ingredient nutmeg spice sweet english mustard powder worcestershire sauce flour
2,mince onion ingredient nutmeg spice sweet english mustard powder worcestershire sauce flour oil
2,onion ingredient nutmeg spice sweet english mustard powder worcestershire sauce flour oil egg
2,ingredient nutmeg spice sweet english mustard powder worcestershire sauce flour oil egg food
2,nutmeg spice sweet english mustard powder worcestershire sauce flour oil egg food nutrition
2,pork mince onion ingredient nutmeg spice sweet english mustard powder worcestershire sauce
2,mince onion ingredient nutmeg spice sweet english mustard powder worcestershire sauce flour
2,onion ingredient nutmeg spice sweet english mustard powder worcestershire sauce flour oil
2,ingredient nutmeg spice sweet english mustard powder worcestershire sauce flour oil egg
2,nutmeg spice sweet english mustard powder worcestershire sauce flour oil egg food
2,spice sweet english mustard powder worcestershire sauce flour oil egg food nutrition
2,pork mince onion ingredient nutmeg spice sweet english mustard powder worcestershire
2,mince onion ingredient nutmeg spice sweet english mustard powder worcestershire sauce
2,onion ingredient nutmeg spice sweet english mustard powder worcestershire sauce flour
2,ingredient nutmeg spice sweet english mustard powder worcestershire sauce flour oil
2,nutmeg spice sweet english mustard powder worcestershire sauce flour oil egg
2,spice sweet english mustard powder worcestershire sauce flour oil egg food
2,sweet english mustard powder worcestershire sauce flour oil egg food nutrition
2,pork mince onion ingredient nutmeg spice sweet english mustard powder
2,mince onion ingredient nutmeg spice sweet english mustard powder worcestershire
2,onion ingredient nutmeg spice sweet english mustard powder worcestershire sauce
2,ingredient nutmeg spice sweet english mustard powder worcestershire sauce flour
2,nutmeg spice sweet english mustard powder worcestershire sauce flour oil
2,spice sweet english mustard powder worcestershire sauce flour oil egg
2,sweet english mustard powder worcestershire sauce flour oil egg food
2,english mustard powder worcestershire sauce flour oil egg food nutrition
2,pork mince onion ingredient nutmeg spice sweet english mustard
2,mince onion ingredient nutmeg spice sweet english mustard powder
2,onion ingredient nutmeg spice sweet english mustard powder worcestershire
2,ingredient nutmeg spice sweet english mustard powder worcestershire sauce
2,nutmeg spice sweet english mustard powder worcestershire sauce flour
2,spice sweet english mustard powder worcestershire sauce flour oil
2,sweet english mustard powder worcestershire sauce flour oil egg
2,english mustard powder worcestershire sauce flour oil egg food
2,mustard powder worcestershire sauce flour oil egg food nutrition
2,pork mince onion ingredient nutmeg spice sweet english
2,mince onion ingredient nutmeg spice sweet english mustard
2,onion ingredient nutmeg spice sweet english mustard powder
2,ingredient nutmeg spice sweet english mustard powder worcestershire
2,nutmeg spice sweet english mustard powder worcestershire sauce
2,spice sweet english mustard powder worcestershire sauce flour
2,sweet english mustard powder worcestershire sauce flour oil
2,english mustard powder worcestershire sauce flour oil egg
2,mustard powder worcestershire sauce flour oil egg food
2,powder worcestershire sauce flour oil egg food nutrition
2,pork mince onion ingredient nutmeg spice sweet
2,mince onion ingredient nutmeg spice sweet english
2,onion ingredient nutmeg spice sweet english mustard
2,ingredient nutmeg spice sweet english mustard powder
2,nutmeg spice sweet english mustard powder worcestershire
2,spice sweet english mustard powder worcestershire sauce
2,sweet english mustard powder worcestershire sauce flour
2,english mustard powder worcestershire sauce flour oil
2,mustard powder worcestershire sauce flour oil egg
2,powder worcestershire sauce flour oil egg food
2,worcestershire sauce flour oil egg food nutrition
2,pork mince onion ingredient nutmeg spice
2,mince onion ingredient nutmeg spice sweet
2,onion ingredient nutmeg spice sweet english
2,ingredient nutmeg spice sweet english mustard
2,nutmeg spice sweet english mustard powder
2,spice sweet english mustard powder worcestershire
2,sweet english mustard powder worcestershire sauce
2,english mustard powder worcestershire sauce flour
2,mustard powder worcestershire sauce flour oil
2,powder worcestershire sauce flour oil egg
2,worcestershire sauce flour oil egg food
2,sauce flour oil egg food nutrition
2,pork mince onion ingredient nutmeg
2,mince onion ingredient nutmeg spice
2,onion ingredient nutmeg spice sweet
2,ingredient nutmeg spice sweet english
2,nutmeg spice sweet english mustard
2,spice sweet english mustard powder
2,sweet english mustard powder worcestershire
2,english mustard powder worcestershire sauce
2,mustard powder worcestershire sauce flour
2,powder worcestershire sauce flour oil
2,worcestershire sauce flour oil egg
2,sauce flour oil egg food
2,flour oil egg food nutrition
2,pork mince onion ingredient
2,mince onion ingredient nutmeg
2,onion ingredient nutmeg spice
2,ingredient nutmeg spice sweet
2,nutmeg spice sweet english
2,spice sweet english mustard
2,sweet english mustard powder
2,english mustard powder worcestershire
2,mustard powder worcestershire sauce
2,powder worcestershire sauce flour
2,worcestershire sauce flour oil
2,sauce flour oil egg
2,flour oil egg food
2,oil egg food nutrition
2,pork mince onion
2,mince onion ingredient
2,onion ingredient nutmeg
2,ingredient nutmeg spice
2,nutmeg spice sweet
2,spice sweet english
2,sweet english mustard
2,english mustard powder
2,mustard powder worcestershire
2,powder worcestershire sauce
2,worcestershire sauce flour
2,sauce flour oil
2,flour oil egg
2,oil egg food
2,egg food nutrition
2,pork mince
2,mince onion
2,onion ingredient
2,ingredient nutmeg
2,nutmeg spice
2,spice sweet
2,sweet english
2,english mustard
2,mustard powder
2,powder worcestershire
2,worcestershire sauce
2,sauce flour
2,flour oil
2,oil egg
2,egg food
2,food nutrition
2,pork
2,mince
2,onion
2,ingredient
2,nutmeg
2,spice
2,sweet
2,english
2,mustard
2,powder
2,worcestershire
2,sauce
2,flour
2,oil
2,egg
2,food
2,nutrition
3,potato one a crisp light watercress green mustard mackerel fillet whole
3,potato one a crisp light watercress green mustard mackerel fillet
3,one a crisp light watercress green mustard mackerel fillet whole
3,potato one a crisp light watercress green mustard mackerel
3,one a crisp light watercress green mustard mackerel fillet
3,a crisp light watercress green mustard mackerel fillet whole
3,potato one a crisp light watercress green mustard
3,one a crisp light watercress green mustard mackerel
3,a crisp light watercress green mustard mackerel fillet
3,crisp light watercress green mustard mackerel fillet whole
3,potato one a crisp light watercress green
3,one a crisp light watercress green mustard
3,a crisp light watercress green mustard mackerel
3,crisp light watercress green mustard mackerel fillet
3,light watercress green mustard mackerel fillet whole
3,potato one a crisp light watercress
3,one a crisp light watercress green
3,a crisp light watercress green mustard
3,crisp light watercress green mustard mackerel
3,light watercress green mustard mackerel fillet
3,watercress green mustard mackerel fillet whole
3,potato one a crisp light
3,one a crisp light watercress
3,a crisp light watercress green
3,crisp light watercress green mustard
3,light watercress green mustard mackerel
3,watercress green mustard mackerel fillet
3,green mustard mackerel fillet whole
3,potato one a crisp
3,one a crisp light
3,a crisp light watercress
3,crisp light watercress green
3,light watercress green mustard
3,watercress green mustard mackerel
3,green mustard mackerel fillet
3,mustard mackerel fillet whole
3,potato one a
3,one a crisp
3,a crisp light
3,crisp light watercress
3,light watercress green
3,watercress green mustard
3,green mustard mackerel
3,mustard mackerel fillet
3,mackerel fillet whole
3,potato one
3,one a
3,a crisp
3,crisp light
3,light watercress
3,watercress green
3,green mustard
3,mustard mackerel
3,mackerel fillet
3,fillet whole
3,potato
3,one
3,a
3,crisp
3,light
3,watercress
3,green
3,mustard
3,mackerel
3,fillet
3,whole
4,olive oil onion ingredient ground cinnamon spice a it ginger powder garlic clove lamb vegetable stock tomato pastry butter cream make yogurt coriander
4,olive oil onion ingredient ground cinnamon spice a it ginger powder garlic clove lamb vegetable stock tomato pastry butter cream make yogurt
4,oil onion ingredient ground cinnamon spice a it ginger powder garlic clove lamb vegetable stock tomato pastry butter cream make yogurt coriander
4,olive oil onion ingredient ground cinnamon spice a it ginger powder garlic clove lamb vegetable stock tomato pastry butter cream make
4,oil onion ingredient ground cinnamon spice a it ginger powder garlic clove lamb vegetable stock tomato pastry butter cream make yogurt
4,onion ingredient ground cinnamon spice a it ginger powder garlic clove lamb vegetable stock tomato pastry butter cream make yogurt coriander
4,olive oil onion ingredient ground cinnamon spice a it ginger powder garlic clove lamb vegetable stock tomato pastry butter cream
4,oil onion ingredient ground cinnamon spice a it ginger powder garlic clove lamb vegetable stock tomato pastry butter cream make
4,onion ingredient ground cinnamon spice a it ginger powder garlic clove lamb vegetable stock tomato pastry butter cream make yogurt
4,ingredient ground cinnamon spice a it ginger powder garlic clove lamb vegetable stock tomato pastry butter cream make yogurt coriander
4,olive oil onion ingredient ground cinnamon spice a it ginger powder garlic clove lamb vegetable stock tomato pastry butter
4,oil onion ingredient ground cinnamon spice a it ginger powder garlic clove lamb vegetable stock tomato pastry butter cream
4,onion ingredient ground cinnamon spice a it ginger powder garlic clove lamb vegetable stock tomato pastry butter cream make
4,ingredient ground cinnamon spice a it ginger powder garlic clove lamb vegetable stock tomato pastry butter cream make yogurt
4,ground cinnamon spice a it ginger powder garlic clove lamb vegetable stock tomato pastry butter cream make yogurt coriander
4,olive oil onion ingredient ground cinnamon spice a it ginger powder garlic clove lamb vegetable stock tomato pastry
4,oil onion ingredient ground cinnamon spice a it ginger powder garlic clove lamb vegetable stock tomato pastry butter
4,onion ingredient ground cinnamon spice a it ginger powder garlic clove lamb vegetable stock tomato pastry butter cream
4,ingredient ground cinnamon spice a it ginger powder garlic clove lamb vegetable stock tomato pastry butter cream make
4,ground cinnamon spice a it ginger powder garlic clove lamb vegetable stock tomato pastry butter cream make yogurt
4,cinnamon spice a it ginger powder garlic clove lamb vegetable stock tomato pastry butter cream make yogurt coriander
4,olive oil onion ingredient ground cinnamon spice a it ginger powder garlic clove lamb vegetable stock tomato
4,oil onion ingredient ground cinnamon spice a it ginger powder garlic clove lamb vegetable stock tomato pastry
4,onion ingredient ground cinnamon spice a it ginger powder garlic clove lamb vegetable stock tomato pastry butter
4,ingredient ground cinnamon spice a it ginger powder garlic clove lamb vegetable stock tomato pastry butter cream
4,ground cinnamon spice a it ginger powder garlic clove lamb vegetable stock tomato pastry butter cream make
4,cinnamon spice a it ginger powder garlic clove lamb vegetable stock tomato pastry butter cream make yogurt
4,spice a it ginger powder garlic clove lamb vegetable stock tomato pastry butter cream make yogurt coriander
4,olive oil onion ingredient ground cinnamon spice a it ginger powder garlic clove lamb vegetable stock
4,oil onion ingredient ground cinnamon spice a it ginger powder garlic clove lamb vegetable stock tomato
4,onion ingredient ground cinnamon spice a it ginger powder garlic clove lamb vegetable stock tomato pastry
4,ingredient ground cinnamon spice a it ginger powder garlic clove lamb vegetable stock tomato pastry butter
4,ground cinnamon spice a it ginger powder garlic clove lamb vegetable stock tomato pastry butter cream
4,cinnamon spice a it ginger powder garlic clove lamb vegetable stock tomato pastry butter cream make
4,spice a it ginger powder garlic clove lamb vegetable stock tomato pastry butter cream make yogurt
4,a it ginger powder garlic clove lamb vegetable stock tomato pastry butter cream make yogurt coriander
4,olive oil onion ingredient ground cinnamon spice a it ginger powder garlic clove lamb vegetable
4,oil onion ingredient ground cinnamon spice a it ginger powder garlic clove lamb vegetable stock
4,onion ingredient ground cinnamon spice a it ginger powder garlic clove lamb vegetable stock tomato
4,ingredient ground cinnamon spice a it ginger powder garlic clove lamb vegetable stock tomato pastry
4,ground cinnamon spice a it ginger powder garlic clove lamb vegetable stock tomato pastry butter
4,cinnamon spice a it ginger powder garlic clove lamb vegetable stock tomato pastry butter cream
4,spice a it ginger powder garlic clove lamb vegetable stock tomato pastry butter cream make
4,a it ginger powder garlic clove lamb vegetable stock tomato pastry butter cream make yogurt
4,it ginger powder garlic clove lamb vegetable stock tomato pastry butter cream make yogurt coriander
4,olive oil onion ingredient ground cinnamon spice a it ginger powder garlic clove lamb
4,oil onion ingredient ground cinnamon spice a it ginger powder garlic clove lamb vegetable
4,onion ingredient ground cinnamon spice a it ginger powder garlic clove lamb vegetable stock
4,ingredient ground cinnamon spice a it ginger powder garlic clove lamb vegetable stock tomato
4,ground cinnamon spice a it ginger powder garlic clove lamb vegetable stock tomato pastry
4,cinnamon spice a it ginger powder garlic clove lamb vegetable stock tomato pastry butter
4,spice a it ginger powder garlic clove lamb vegetable stock tomato pastry butter cream
4,a it ginger powder garlic clove lamb vegetable stock tomato pastry butter cream make
4,it ginger powder garlic clove lamb vegetable stock tomato pastry butter cream make yogurt
4,ginger powder garlic clove lamb vegetable stock tomato pastry butter cream make yogurt coriander
4,olive oil onion ingredient ground cinnamon spice a it ginger powder garlic clove
4,oil onion ingredient ground cinnamon spice a it ginger powder garlic clove lamb
4,onion ingredient ground cinnamon spice a it ginger powder garlic clove lamb vegetable
4,ingredient ground cinnamon spice a it ginger powder garlic clove lamb vegetable stock
4,ground cinnamon spice a it ginger powder garlic clove lamb vegetable stock tomato
4,cinnamon spice a it ginger powder garlic clove lamb vegetable stock tomato pastry
4,spice a it ginger powder garlic clove lamb vegetable stock tomato pastry butter
4,a it ginger powder garlic clove lamb vegetable stock tomato pastry butter cream
4,it ginger powder garlic clove lamb vegetable stock tomato pastry butter cream make
4,ginger powder garlic clove lamb vegetable stock tomato pastry butter cream make yogurt
4,powder garlic clove lamb vegetable stock tomato pastry butter cream make yogurt coriander
4,olive oil onion ingredient ground cinnamon spice a it ginger powder garlic
4,oil onion ingredient ground cinnamon spice a it ginger powder garlic clove
4,onion ingredient ground cinnamon spice a it ginger powder garlic clove lamb
4,ingredient ground cinnamon spice a it ginger powder garlic clove lamb vegetable
4,ground cinnamon spice a it ginger powder garlic clove lamb vegetable stock
4,cinnamon spice a it ginger powder garlic clove lamb vegetable stock tomato
4,spice a it ginger powder garlic clove lamb vegetable stock tomato pastry
4,a it ginger powder garlic clove lamb vegetable stock tomato pastry butter
4,it ginger powder garlic clove lamb vegetable stock tomato pastry butter cream
4,ginger powder garlic clove lamb vegetable stock tomato pastry butter cream make
4,powder garlic clove lamb vegetable stock tomato pastry butter cream make yogurt
4,garlic clove lamb vegetable stock tomato pastry butter cream make yogurt coriander
4,olive oil onion ingredient ground cinnamon spice a it ginger powder
4,oil onion ingredient ground cinnamon spice a it ginger powder garlic
4,onion ingredient ground cinnamon spice a it ginger powder garlic clove
4,ingredient ground cinnamon spice a it ginger powder garlic clove lamb
4,ground cinnamon spice a it ginger powder garlic clove lamb vegetable
4,cinnamon spice a it ginger powder garlic clove lamb vegetable stock
4,spice a it ginger powder garlic clove lamb vegetable stock tomato
4,a it ginger powder garlic clove lamb vegetable stock tomato pastry
4,it ginger powder garlic clove lamb vegetable stock tomato pastry butter
4,ginger powder garlic clove lamb vegetable stock tomato pastry butter cream
4,powder garlic clove lamb vegetable stock tomato pastry butter cream make
4,garlic clove lamb vegetable stock tomato pastry butter cream make yogurt
4,clove lamb vegetable stock tomato pastry butter cream make yogurt coriander
4,olive oil onion ingredient ground cinnamon spice a it ginger
4,oil onion ingredient ground cinnamon spice a it ginger powder
4,onion ingredient ground cinnamon spice a it ginger powder garlic
4,ingredient ground cinnamon spice a it ginger powder garlic clove
4,ground cinnamon spice a it ginger powder garlic clove lamb
4,cinnamon spice a it ginger powder garlic clove lamb vegetable
4,spice a it ginger powder garlic clove lamb vegetable stock
4,a it ginger powder garlic clove lamb vegetable stock tomato
4,it ginger powder garlic clove lamb vegetable stock tomato pastry
4,ginger powder garlic clove lamb vegetable stock tomato pastry butter
4,powder garlic clove lamb vegetable stock tomato pastry butter cream
4,garlic clove lamb vegetable stock tomato pastry butter cream make
4,clove lamb vegetable stock tomato pastry butter cream make yogurt
4,lamb vegetable stock tomato pastry butter cream make yogurt coriander
4,olive oil onion ingredient ground cinnamon spice a it
4,oil onion ingredient ground cinnamon spice a it ginger
4,onion ingredient ground cinnamon spice a it ginger powder
4,ingredient ground cinnamon spice a it ginger powder garlic
4,ground cinnamon spice a it ginger powder garlic clove
4,cinnamon spice a it ginger powder garlic clove lamb
4,spice a it ginger powder garlic clove lamb vegetable
4,a it ginger powder garlic clove lamb vegetable stock
4,it ginger powder garlic clove lamb vegetable stock tomato
4,ginger powder garlic clove lamb vegetable stock tomato pastry
4,powder garlic clove lamb vegetable stock tomato pastry butter
4,garlic clove lamb vegetable stock tomato pastry butter cream
4,clove lamb vegetable stock tomato pastry butter cream make
4,lamb vegetable stock tomato pastry butter cream make yogurt
4,vegetable stock tomato pastry butter cream make yogurt coriander
4,olive oil onion ingredient ground cinnamon spice a
4,oil onion ingredient ground cinnamon spice a it
4,onion ingredient ground cinnamon spice a it ginger
4,ingredient ground cinnamon spice a it ginger powder
4,ground cinnamon spice a it ginger powder garlic
4,cinnamon spice a it ginger powder garlic clove
4,spice a it ginger powder garlic clove lamb
4,a it ginger powder garlic clove lamb vegetable
4,it ginger powder garlic clove lamb vegetable stock
4,ginger powder garlic clove lamb vegetable stock tomato
4,powder garlic clove lamb vegetable stock tomato pastry
4,garlic clove lamb vegetable stock tomato pastry butter
4,clove lamb vegetable stock tomato pastry butter cream
4,lamb vegetable stock tomato pastry butter cream make
4,vegetable stock tomato pastry butter cream make yogurt
4,stock tomato pastry butter cream make yogurt coriander
4,olive oil onion ingredient ground cinnamon spice
4,oil onion ingredient ground cinnamon spice a
4,onion ingredient ground cinnamon spice a it
4,ingredient ground cinnamon spice a it ginger
4,ground cinnamon spice a it ginger powder
4,cinnamon spice a it ginger powder garlic
4,spice a it ginger powder garlic clove
4,a it ginger powder garlic clove lamb
4,it ginger powder garlic clove lamb vegetable
4,ginger powder garlic clove lamb vegetable stock
4,powder garlic clove lamb vegetable stock tomato
4,garlic clove lamb vegetable stock tomato pastry
4,clove lamb vegetable stock tomato pastry butter
4,lamb vegetable stock tomato pastry butter cream
4,vegetable stock tomato pastry butter cream make
4,stock tomato pastry butter cream make yogurt
4,tomato pastry butter cream make yogurt coriander
4,olive oil onion ingredient ground cinnamon
4,oil onion ingredient ground cinnamon spice
4,onion ingredient ground cinnamon spice a
4,ingredient ground cinnamon spice a it
4,ground cinnamon spice a it ginger
4,cinnamon spice a it ginger powder
4,spice a it ginger powder garlic
4,a it ginger powder garlic clove
4,it ginger powder garlic clove lamb
4,ginger powder garlic clove lamb vegetable
4,powder garlic clove lamb vegetable stock
4,garlic clove lamb vegetable stock tomato
4,clove lamb vegetable stock tomato pastry
4,lamb vegetable stock tomato pastry butter
4,vegetable stock tomato pastry butter cream
4,stock tomato pastry butter cream make
4,tomato pastry butter cream make yogurt
4,pastry butter cream make yogurt coriander
4,olive oil onion ingredient ground
4,oil onion ingredient ground cinnamon
4,onion ingredient ground cinnamon spice
4,ingredient ground cinnamon spice a
4,ground cinnamon spice a it
4,cinnamon spice a it ginger
4,spice a it ginger powder
4,a it ginger powder garlic
4,it ginger powder garlic clove
4,ginger powder garlic clove lamb
4,powder garlic clove lamb vegetable
4,garlic clove lamb vegetable stock
4,clove lamb vegetable stock tomato
4,lamb vegetable stock tomato pastry
4,vegetable stock tomato pastry butter
4,stock tomato pastry butter cream
4,tomato pastry butter cream make
4,pastry butter cream make yogurt
4,butter cream make yogurt coriander
4,olive oil onion ingredient
4,oil onion ingredient ground
4,onion ingredient ground cinnamon
4,ingredient ground cinnamon spice
4,ground cinnamon spice a
4,cinnamon spice a it
4,spice a it ginger
4,a it ginger powder
4,it ginger powder garlic
4,ginger powder garlic clove
4,powder garlic clove lamb
4,garlic clove lamb vegetable
4,clove lamb vegetable stock
4,lamb vegetable stock tomato
4,vegetable stock tomato pastry
4,stock tomato pastry butter
4,tomato pastry butter cream
4,pastry butter cream make
4,butter cream make yogurt
4,cream make yogurt coriander
4,olive oil onion
4,oil onion ingredient
4,onion ingredient ground
4,ingredient ground cinnamon
4,ground cinnamon spice
4,cinnamon spice a
4,spice a it
4,a it ginger
4,it ginger powder
4,ginger powder garlic
4,powder garlic clove
4,garlic clove lamb
4,clove lamb vegetable
4,lamb vegetable stock
4,vegetable stock tomato
4,stock tomato pastry
4,tomato pastry butter
4,pastry butter cream
4,butter cream make
4,cream make yogurt
4,make yogurt coriander
4,olive oil
4,oil onion
4,onion ingredient
4,ingredient ground
4,ground cinnamon
4,cinnamon spice
4,spice a
4,a it
4,it ginger
4,ginger powder
4,powder garlic
4,garlic clove
4,clove lamb
4,lamb vegetable
4,vegetable stock
4,stock tomato
4,tomato pastry
4,pastry butter
4,butter cream
4,cream make
4,make yogurt
4,yogurt coriander
4,olive
4,oil
4,onion
4,ingredient
4,ground
4,cinnamon
4,spice
4,a
4,it
4,ginger
4,powder
4,garlic
4,clove
4,lamb
4,vegetable
4,stock
4,tomato
4,pastry
4,butter
4,cream
4,make
4,yogurt
4,coriander
5,olive oil onion ingredient sage a quality sausage loin pork type meat flour wheat rye barley chicken beef stock cider beverage juice apple
5,olive oil onion ingredient sage a quality sausage loin pork type meat flour wheat rye barley chicken beef stock cider beverage juice
5,oil onion ingredient sage a quality sausage loin pork type meat flour wheat rye barley chicken beef stock cider beverage juice apple
5,olive oil onion ingredient sage a quality sausage loin pork type meat flour wheat rye barley chicken beef stock cider beverage
5,oil onion ingredient sage a quality sausage loin pork type meat flour wheat rye barley chicken beef stock cider beverage juice
5,onion ingredient sage a quality sausage loin pork type meat flour wheat rye barley chicken beef stock cider beverage juice apple
5,olive oil onion ingredient sage a quality sausage loin pork type meat flour wheat rye barley chicken beef stock cider
5,oil onion ingredient sage a quality sausage loin pork type meat flour wheat rye barley chicken beef stock cider beverage
5,onion ingredient sage a quality sausage loin pork type meat flour wheat rye barley chicken beef stock cider beverage juice
5,ingredient sage a quality sausage loin pork type meat flour wheat rye barley chicken beef stock cider beverage juice apple
5,olive oil onion ingredient sage a quality sausage loin pork type meat flour wheat rye barley chicken beef stock
5,oil onion ingredient sage a quality sausage loin pork type meat flour wheat rye barley chicken beef stock cider
5,onion ingredient sage a quality sausage loin pork type meat flour wheat rye barley chicken beef stock cider beverage
5,ingredient sage a quality sausage loin pork type meat flour wheat rye barley chicken beef stock cider beverage juice
5,sage a quality sausage loin pork type meat flour wheat rye barley chicken beef stock cider beverage juice apple
5,olive oil onion ingredient sage a quality sausage loin pork type meat flour wheat rye barley chicken beef
5,oil onion ingredient sage a quality sausage loin pork type meat flour wheat rye barley chicken beef stock
5,onion ingredient sage a quality sausage loin pork type meat flour wheat rye barley chicken beef stock cider
5,ingredient sage a quality sausage loin pork type meat flour wheat rye barley chicken beef stock cider beverage
5,sage a quality sausage loin pork type meat flour wheat rye barley chicken beef stock cider beverage juice
5,a quality sausage loin pork type meat flour wheat rye barley chicken beef stock cider beverage juice apple
5,olive oil onion ingredient sage a quality sausage loin pork type meat flour wheat rye barley chicken
5,oil onion ingredient sage a quality sausage loin pork type meat flour wheat rye barley chicken beef
5,onion ingredient sage a quality sausage loin pork type meat flour wheat rye barley chicken beef stock
5,ingredient sage a quality sausage loin pork type meat flour wheat rye barley chicken beef stock cider
5,sage a quality sausage loin pork type meat flour wheat rye barley chicken beef stock cider beverage
5,a quality sausage loin pork type meat flour wheat rye barley chicken beef stock cider beverage juice
5,quality sausage loin pork type meat flour wheat rye barley chicken beef stock cider beverage juice apple
5,olive oil onion ingredient sage a quality sausage loin pork type meat flour wheat rye barley
5,oil onion ingredient sage a quality sausage loin pork type meat flour wheat rye barley chicken
5,onion ingredient sage a quality sausage loin pork type meat flour wheat rye barley chicken beef
5,ingredient sage a quality sausage loin pork type meat flour wheat rye barley chicken beef stock
5,sage a quality sausage loin pork type meat flour wheat rye barley chicken beef stock cider
5,a quality sausage loin pork type meat flour wheat rye barley chicken beef stock cider beverage
5,quality sausage loin pork type meat flour wheat rye barley chicken beef stock cider beverage juice
5,sausage loin pork type meat flour wheat rye barley chicken beef stock cider beverage juice apple
5,olive oil onion ingredient sage a quality sausage loin pork type meat flour wheat rye
5,oil onion ingredient sage a quality sausage loin pork type meat flour wheat rye barley
5,onion ingredient sage a quality sausage loin pork type meat flour wheat rye barley chicken
5,ingredient sage a quality sausage loin pork type meat flour wheat rye barley chicken beef
5,sage a quality sausage loin pork type meat flour wheat rye barley chicken beef stock
5,a quality sausage loin pork type meat flour wheat rye barley chicken beef stock cider
5,quality sausage loin pork type meat flour wheat rye barley chicken beef stock cider beverage
5,sausage loin pork type meat flour wheat rye barley chicken beef stock cider beverage juice
5,loin pork type meat flour wheat rye barley chicken beef stock cider beverage juice apple
5,olive oil onion ingredient sage a quality sausage loin pork type meat flour wheat
5,oil onion ingredient sage a quality sausage loin pork type meat flour wheat rye
5,onion ingredient sage a quality sausage loin pork type meat flour wheat rye barley
5,ingredient sage a quality sausage loin pork type meat flour wheat rye barley chicken
5,sage a quality sausage loin pork type meat flour wheat rye barley chicken beef
5,a quality sausage loin pork type meat flour wheat rye barley chicken beef stock
5,quality sausage loin pork type meat flour wheat rye barley chicken beef stock cider
5,sausage loin pork type meat flour wheat rye barley chicken beef stock cider beverage
5,loin pork type meat flour wheat rye barley chicken beef stock cider beverage juice
5,pork type meat flour wheat rye barley chicken beef stock cider beverage juice apple
5,olive oil onion ingredient sage a quality sausage loin pork type meat flour
5,oil onion ingredient sage a quality sausage loin pork type meat flour wheat
5,onion ingredient sage a quality sausage loin pork type meat flour wheat rye
5,ingredient sage a quality sausage loin pork type meat flour wheat rye barley
5,sage a quality sausage loin pork type meat flour wheat rye barley chicken
5,a quality sausage loin pork type meat flour wheat rye barley chicken beef
5,quality sausage loin pork type meat flour wheat rye barley chicken beef stock
5,sausage loin pork type meat flour wheat rye barley chicken beef stock cider
5,loin pork type meat flour wheat rye barley chicken beef stock cider beverage
5,pork type meat flour wheat rye barley chicken beef stock cider beverage juice
5,type meat flour wheat rye barley chicken beef stock cider beverage juice apple
5,olive oil onion ingredient sage a quality sausage loin pork type meat
5,oil onion ingredient sage a quality sausage loin pork type meat flour
5,onion ingredient sage a quality sausage loin pork type meat flour wheat
5,ingredient sage a quality sausage loin pork type meat flour wheat rye
5,sage a quality sausage loin pork type meat flour wheat rye barley
5,a quality sausage loin pork type meat flour wheat rye barley chicken
5,quality sausage loin pork type meat flour wheat rye barley chicken beef
5,sausage loin pork type meat flour wheat rye barley chicken beef stock
5,loin pork type meat flour wheat rye barley chicken beef stock cider
5,pork type meat flour wheat rye barley chicken beef stock cider beverage
5,type meat flour wheat rye barley chicken beef stock cider beverage juice
5,meat flour wheat rye barley chicken beef stock cider beverage juice apple
5,olive oil onion ingredient sage a quality sausage loin pork type
5,oil onion ingredient sage a quality sausage loin pork type meat
5,onion ingredient sage a quality sausage loin pork type meat flour
5,ingredient sage a quality sausage loin pork type meat flour wheat
5,sage a quality sausage loin pork type meat flour wheat rye
5,a quality sausage loin pork type meat flour wheat rye barley
5,quality sausage loin pork type meat flour wheat rye barley chicken
5,sausage loin pork type meat flour wheat rye barley chicken beef
5,loin pork type meat flour wheat rye barley chicken beef stock
5,pork type meat flour wheat rye barley chicken beef stock cider
5,type meat flour wheat rye barley chicken beef stock cider beverage
5,meat flour wheat rye barley chicken beef stock cider beverage juice
5,flour wheat rye barley chicken beef stock cider beverage juice apple
5,olive oil onion ingredient sage a quality sausage loin pork
5,oil onion ingredient sage a quality sausage loin pork type
5,onion ingredient sage a quality sausage loin pork type meat
5,ingredient sage a quality sausage loin pork type meat flour
5,sage a quality sausage loin pork type meat flour wheat
5,a quality sausage loin pork type meat flour wheat rye
5,quality sausage loin pork type meat flour wheat rye barley
5,sausage loin pork type meat flour wheat rye barley chicken
5,loin pork type meat flour wheat rye barley chicken beef
5,pork type meat flour wheat rye barley chicken beef stock
5,type meat flour wheat rye barley chicken beef stock cider
5,meat flour wheat rye barley chicken beef stock cider beverage
5,flour wheat rye barley chicken beef stock cider beverage juice
5,wheat rye barley chicken beef stock cider beverage juice apple
5,olive oil onion ingredient sage a quality sausage loin
5,oil onion ingredient sage a quality sausage loin pork
5,onion ingredient sage a quality sausage loin pork type
5,ingredient sage a quality sausage loin pork type meat
5,sage a quality sausage loin pork type meat flour
5,a quality sausage loin pork type meat flour wheat
5,quality sausage loin pork type meat flour wheat rye
5,sausage loin pork type meat flour wheat rye barley
5,loin pork type meat flour wheat rye barley chicken
5,pork type meat flour wheat rye barley chicken beef
5,type meat flour wheat rye barley chicken beef stock
5,meat flour wheat rye barley chicken beef stock cider
5,flour wheat rye barley chicken beef stock cider beverage
5,wheat rye barley chicken beef stock cider beverage juice
5,rye barley chicken beef stock cider beverage juice apple
5,olive oil onion ingredient sage a quality sausage
5,oil onion ingredient sage a quality sausage loin
5,onion ingredient sage a quality sausage loin pork
5,ingredient sage a quality sausage loin pork type
5,sage a quality sausage loin pork type meat
5,a quality sausage loin pork type meat flour
5,quality sausage loin pork type meat flour wheat
5,sausage loin pork type meat flour wheat rye
5,loin pork type meat flour wheat rye barley
5,pork type meat flour wheat rye barley chicken
5,type meat flour wheat rye barley chicken beef
5,meat flour wheat rye barley chicken beef stock
5,flour wheat rye barley chicken beef stock cider
5,wheat rye barley chicken beef stock cider beverage
5,rye barley chicken beef stock cider beverage juice
5,barley chicken beef stock cider beverage juice apple
5,olive oil onion ingredient sage a quality
5,oil onion ingredient sage a quality sausage
5,onion ingredient sage a quality sausage loin
5,ingredient sage a quality sausage loin pork
5,sage a quality sausage loin pork type
5,a quality sausage loin pork type meat
5,quality sausage loin pork type meat flour
5,sausage loin pork type meat flour wheat
5,loin pork type meat flour wheat rye
5,pork type meat flour wheat rye barley
5,type meat flour wheat rye barley chicken
5,meat flour wheat rye barley chicken beef
5,flour wheat rye barley chicken beef stock
5,wheat rye barley chicken beef stock cider
5,rye barley chicken beef stock cider beverage
5,barley chicken beef stock cider beverage juice
5,chicken beef stock cider beverage juice apple
5,olive oil onion ingredient sage a
5,oil onion ingredient sage a quality
5,onion ingredient sage a quality sausage
5,ingredient sage a quality sausage loin
5,sage a quality sausage loin pork
5,a quality sausage loin pork type
5,quality sausage loin pork type meat
5,sausage loin pork type meat flour
5,loin pork type meat flour wheat
5,pork type meat flour wheat rye
5,type meat flour wheat rye barley
5,meat flour wheat rye barley chicken
5,flour wheat rye barley chicken beef
5,wheat rye barley chicken beef stock
5,rye barley chicken beef stock cider
5,barley chicken beef stock cider beverage
5,chicken beef stock cider beverage juice
5,beef stock cider beverage juice apple
5,olive oil onion ingredient sage
5,oil onion ingredient sage a
5,onion ingredient sage a quality
5,ingredient sage a quality sausage
5,sage a quality sausage loin
5,a quality sausage loin pork
5,quality sausage loin pork type
5,sausage loin pork type meat
5,loin pork type meat flour
5,pork type meat flour wheat
5,type meat flour wheat rye
5,meat flour wheat rye barley
5,flour wheat rye barley chicken
5,wheat rye barley chicken beef
5,rye barley chicken beef stock
5,barley chicken beef stock cider
5,chicken beef stock cider beverage
5,beef stock cider beverage juice
5,stock cider beverage juice apple
5,olive oil onion ingredient
5,oil onion ingredient sage
5,onion ingredient sage a
5,ingredient sage a quality
5,sage a quality sausage
5,a quality sausage loin
5,quality sausage loin pork
5,sausage loin pork type
5,loin pork type meat
5,pork type meat flour
5,type meat flour wheat
5,meat flour wheat rye
5,flour wheat rye barley
5,wheat rye barley chicken
5,rye barley chicken beef
5,barley chicken beef stock
5,chicken beef stock cider
5,beef stock cider beverage
5,stock cider beverage juice
5,cider beverage juice apple
5,olive oil onion
5,oil onion ingredient
5,onion ingredient sage
5,ingredient sage a
5,sage a quality
5,a quality sausage
5,quality sausage loin
5,sausage loin pork
5,loin pork type
5,pork type meat
5,type meat flour
5,meat flour wheat
5,flour wheat rye
5,wheat rye barley
5,rye barley chicken
5,barley chicken beef
5,chicken beef stock
5,beef stock cider
5,stock cider beverage
5,cider beverage juice
5,beverage juice apple
5,olive oil
5,oil onion
5,onion ingredient
5,ingredient sage
5,sage a
5,a quality
5,quality sausage
5,sausage loin
5,loin pork
5,pork type
5,type meat
5,meat flour
5,flour wheat
5,wheat rye
5,rye barley
5,barley chicken
5,chicken beef
5,beef stock
5,stock cider
5,cider beverage
5,beverage juice
5,juice apple
5,olive
5,oil
5,onion
5,ingredient
5,sage
5,a
5,quality
5,sausage
5,loin
5,pork
5,type
5,meat
5,flour
5,wheat
5,rye
5,barley
5,chicken
5,beef
5,stock
5,cider
5,beverage
5,juice
5,apple
